view,count_run-001,count_run-002,cum_run-001,cum_run-002,cum_diff
0,41,36,41,36,5
1,4,4,45,40,5
2,4,2,49,42,7
3,6,3,55,45,10
4,4,6,59,51,8
5,3,7,62,58,4
6,5,2,67,60,7
7,3,2,70,62,8
8,3,4,73,66,7
9,3,7,76,73,3
10,3,2,79,75,4
11,7,7,86,82,4
12,2,1,88,83,5
13,7,5,95,88,7
14,4,3,99,91,8
15,2,6,101,97,4
16,2,5,103,102,1
17,4,4,107,106,1
18,5,5,112,111,1
19,6,4,118,115,3
20,2,2,120,117,3
21,5,5,125,122,3
22,3,3,128,125,3
23,5,2,133,127,6
24,4,5,137,132,5
25,3,6,140,138,2
26,2,3,142,141,1
27,6,3,148,144,4
28,5,4,153,148,5
29,4,3,157,151,6
30,1,5,158,156,2
31,5,3,163,159,4
32,3,6,166,165,1
33,6,4,172,169,3
34,1,4,173,173,0
35,7,2,180,175,5
36,8,6,188,181,7
37,1,6,189,187,2
38,3,2,192,189,3
39,7,1,199,190,9
40,3,6,202,196,6
41,3,6,205,202,3
42,3,4,208,206,2
43,2,3,210,209,1
44,5,4,215,213,2
45,5,4,220,217,3
46,6,3,226,220,6
47,3,4,229,224,5
48,4,5,233,229,4
49,2,3,235,232,3
50,4,4,239,236,3
51,4,6,243,242,1
52,4,5,247,247,0
53,8,3,255,250,5
54,1,3,256,253,3
55,4,2,260,255,5
56,3,4,263,259,4
57,3,5,266,264,2
58,7,3,273,267,6
59,6,7,279,274,5
60,3,3,282,277,5
61,3,3,285,280,5
62,5,5,290,285,5
63,3,4,293,289,4
64,3,4,296,293,3
65,6,4,302,297,5
66,2,5,304,302,2
67,6,1,310,303,7
68,2,5,312,308,4
69,5,5,317,313,4
70,3,4,320,317,3
71,4,3,324,320,4
72,2,6,326,326,0
73,7,3,333,329,4
74,4,5,337,334,3
75,3,2,340,336,4
76,6,4,346,340,6
77,2,3,348,343,5
78,3,5,351,348,3
79,5,4,356,352,4
80,5,5,361,357,4
81,3,5,364,362,2
82,1,2,365,364,1
83,5,4,370,368,2
84,8,3,378,371,7
85,2,7,380,378,2
86,5,2,385,380,5
87,3,4,388,384,4
88,5,5,393,389,4
89,7,0,400,389,11
90,2,7,402,396,6
91,1,2,403,398,5
92,5,7,408,405,3
93,3,5,411,410,1
94,3,2,414,412,2
95,5,7,419,419,0
96,6,1,425,420,5
97,1,6,426,426,0
98,4,5,430,431,-1
99,4,2,434,433,1
100,6,2,440,435,5
101,3,6,443,441,2
102,4,3,447,444,3
103,4,2,451,446,5
104,6,6,457,452,5
105,3,5,460,457,3
106,4,2,464,459,5
107,3,4,467,463,4
108,7,5,474,468,6
109,4,5,478,473,5
110,3,3,481,476,5
111,2,3,483,479,4
112,5,5,488,484,4
113,6,4,494,488,6
114,4,5,498,493,5
115,3,4,501,497,4
116,2,4,503,501,2
117,5,2,508,503,5
118,5,4,513,507,6
119,2,6,515,513,2
120,3,4,518,517,1
121,6,4,524,521,3
122,8,5,532,526,6
123,1,4,533,530,3
124,2,3,535,533,2
125,3,5,538,538,0
126,3,3,541,541,0
127,7,3,548,544,4
128,3,2,551,546,5
129,4,5,555,551,4
130,3,5,558,556,2
131,5,5,563,561,2
132,4,5,567,566,1
133,5,3,572,569,3
134,3,3,575,572,3
135,5,6,580,578,2
136,3,3,583,581,2
137,4,5,587,586,1
138,2,5,589,591,-2
139,5,2,594,593,1
140,5,5,599,598,1
141,4,4,603,602,1
142,4,2,607,604,3
143,4,5,611,609,2
144,4,2,615,611,4
145,5,7,620,618,2
146,4,3,624,621,3
147,3,2,627,623,4
148,5,6,632,629,3
149,3,3,635,632,3
150,5,3,640,635,5
151,2,5,642,640,2
152,7,5,649,645,4
153,2,5,651,650,1
154,6,4,657,654,3
155,2,5,659,659,0
156,4,3,663,662,1
157,5,2,668,664,4
158,2,3,670,667,3
159,3,5,673,672,1
160,7,6,680,678,2
161,6,5,686,683,3
162,3,2,689,685,4
163,1,5,690,690,0
164,5,3,695,693,2
165,3,2,698,695,3
166,8,6,706,701,5
167,2,2,708,703,5
168,5,8,713,711,2
169,2,3,715,714,1
170,5,3,720,717,3
171,4,1,724,718,6
172,5,5,729,723,6
173,0,3,729,726,3
174,6,6,735,732,3
175,6,4,741,736,5
176,4,5,745,741,4
177,1,5,746,746,0
178,4,2,750,748,2
179,4,3,754,751,3
180,5,6,759,757,2
181,6,4,765,761,4
182,4,5,769,766,3
183,2,2,771,768,3
184,6,5,777,773,4
185,3,5,780,778,2
186,3,2,783,780,3
187,3,4,786,784,2
188,6,2,792,786,6
189,3,2,795,788,7
190,4,6,799,794,5
191,4,4,803,798,5
192,3,5,806,803,3
193,7,3,813,806,7
194,3,3,816,809,7
195,5,6,821,815,6
196,3,4,824,819,5
197,4,4,828,823,5
198,3,4,831,827,4
199,6,6,837,833,4
200,4,4,841,837,4
201,3,2,844,839,5
202,5,5,849,844,5
203,3,3,852,847,5
204,2,6,854,853,1
205,4,3,858,856,2
206,6,5,864,861,3
207,6,3,870,864,6
208,3,3,873,867,6
209,1,3,874,870,4
210,6,8,880,878,2
211,3,4,883,882,1
212,4,4,887,886,1
213,4,3,891,889,2
214,4,3,895,892,3
215,3,5,898,897,1
216,7,4,905,901,4
217,2,5,907,906,1
218,5,2,912,908,4
219,6,4,918,912,6
220,2,3,920,915,5
221,3,6,923,921,2
222,3,3,926,924,2
223,6,6,932,930,2
224,3,3,935,933,2
225,4,4,939,937,2
226,3,3,942,940,2
227,7,4,949,944,5
228,4,4,953,948,5
229,2,4,955,952,3
230,3,5,958,957,1
231,6,3,964,960,4
232,2,6,966,966,0
233,4,1,970,967,3
234,5,5,975,972,3
235,4,6,979,978,1
236,3,1,982,979,3
237,7,3,989,982,7
238,2,5,991,987,4
239,3,5,994,992,2
240,4,4,998,996,2
241,4,3,1002,999,3
242,3,5,1005,1004,1
243,6,3,1011,1007,4
244,5,7,1016,1014,2
245,2,3,1018,1017,1
246,2,4,1020,1021,-1
247,6,3,1026,1024,2
248,4,5,1030,1029,1
249,4,4,1034,1033,1
250,3,2,1037,1035,2
251,5,6,1042,1041,1
252,6,3,1048,1044,4
253,1,2,1049,1046,3
254,6,6,1055,1052,3
255,3,4,1058,1056,2
256,5,4,1063,1060,3
257,3,3,1066,1063,3
258,3,5,1069,1068,1
259,4,4,1073,1072,1
260,7,5,1080,1077,3
261,3,2,1083,1079,4
262,3,6,1086,1085,1
263,3,4,1089,1089,0
264,4,3,1093,1092,1
265,3,4,1096,1096,0
266,7,2,1103,1098,5
267,2,7,1105,1105,0
268,3,5,1108,1110,-2
269,5,3,1113,1113,0
270,3,3,1116,1116,0
271,7,4,1123,1120,3
272,1,4,1124,1124,0
273,5,2,1129,1126,3
274,4,9,1133,1135,-2
275,4,3,1137,1138,-1
276,4,4,1141,1142,-1
277,3,3,1144,1145,-1
278,4,4,1148,1149,-1
279,5,4,1153,1153,0
280,2,3,1155,1156,-1
281,6,5,1161,1161,0
282,3,1,1164,1162,2
283,5,7,1169,1169,0
284,6,3,1175,1172,3
285,3,7,1178,1179,-1
286,4,2,1182,1181,1
287,3,4,1185,1185,0
288,6,2,1191,1187,4
289,1,3,1192,1190,2
290,4,6,1196,1196,0
291,6,5,1202,1201,1
292,4,4,1206,1205,1
293,3,3,1209,1208,1
294,4,5,1213,1213,0
295,4,2,1217,1215,2
296,4,5,1221,1220,1
297,3,5,1224,1225,-1
298,4,3,1228,1228,0
299,5,3,1233,1231,2
300,1,2,1234,1233,1
301,7,5,1241,1238,3
302,4,4,1245,1242,3
303,5,5,1250,1247,3
304,5,5,1255,1252,3
305,4,5,1259,1257,2
306,3,2,1262,1259,3
307,3,7,1265,1266,-1
308,4,2,1269,1268,1
309,5,1,1274,1269,5
310,4,4,1278,1273,5
311,5,6,1283,1279,4
312,4,4,1287,1283,4
313,2,4,1289,1287,2
314,4,4,1293,1291,2
315,8,5,1301,1296,5
316,2,2,1303,1298,5
317,3,2,1306,1300,6
318,1,4,1307,1304,3
319,7,6,1314,1310,4
320,5,3,1319,1313,6
321,4,6,1323,1319,4
322,2,4,1325,1323,2
323,4,2,1329,1325,4
324,4,8,1333,1333,0
325,3,3,1336,1336,0
326,3,1,1339,1337,2
327,6,5,1345,1342,3
328,5,4,1350,1346,4
329,3,3,1353,1349,4
330,4,5,1357,1354,3
331,2,3,1359,1357,2
332,5,5,1364,1362,2
333,6,3,1370,1365,5
334,1,6,1371,1371,0
335,4,3,1375,1374,1
336,3,5,1378,1379,-1
337,5,3,1383,1382,1
338,3,6,1386,1388,-2
339,6,3,1392,1391,1
340,7,3,1399,1394,5
341,2,3,1401,1397,4
342,6,5,1407,1402,5
343,2,5,1409,1407,2
344,3,3,1412,1410,2
345,1,5,1413,1415,-2
346,6,3,1419,1418,1
347,5,3,1424,1421,3
348,4,5,1428,1426,2
349,4,5,1432,1431,1
350,7,4,1439,1435,4
351,2,6,1441,1441,0
352,4,0,1445,1441,4
353,3,7,1448,1448,0
354,4,1,1452,1449,3
355,5,3,1457,1452,5
356,4,4,1461,1456,5
357,5,3,1466,1459,7
358,3,9,1469,1468,1
359,3,3,1472,1471,1
360,5,2,1477,1473,4
361,2,3,1479,1476,3
362,5,5,1484,1481,3
363,4,4,1488,1485,3
364,3,6,1491,1491,0
365,6,1,1497,1492,5
366,2,5,1499,1497,2
367,7,6,1506,1503,3
368,3,6,1509,1509,0
369,5,1,1514,1510,4
370,4,4,1518,1514,4
371,3,4,1521,1518,3
372,2,4,1523,1522,1
373,7,6,1530,1528,2
374,2,4,1532,1532,0
375,5,2,1537,1534,3
376,5,2,1542,1536,6
377,2,3,1544,1539,5
378,5,6,1549,1545,4
379,3,6,1552,1551,1
380,3,4,1555,1555,0
381,4,2,1559,1557,2
382,4,5,1563,1562,1
383,2,5,1565,1567,-2
384,8,3,1573,1570,3
385,4,6,1577,1576,1
386,5,1,1582,1577,5
387,2,5,1584,1582,2
388,5,6,1589,1588,1
389,3,3,1592,1591,1
390,6,4,1598,1595,3
391,4,4,1602,1599,3
392,2,1,1604,1600,4
393,4,6,1608,1606,2
394,4,4,1612,1610,2
395,3,4,1615,1614,1
396,4,4,1619,1618,1
397,5,4,1624,1622,2
398,5,4,1629,1626,3
399,5,4,1634,1630,4
400,3,4,1637,1634,3
401,5,3,1642,1637,5
402,2,7,1644,1644,0
403,3,5,1647,1649,-2
404,5,3,1652,1652,0
405,5,2,1657,1654,3
406,4,5,1661,1659,2
407,2,4,1663,1663,0
408,5,3,1668,1666,2
409,3,6,1671,1672,-1
410,6,2,1677,1674,3
411,4,4,1681,1678,3
412,3,6,1684,1684,0
413,4,1,1688,1685,3
414,4,7,1692,1692,0
415,4,3,1696,1695,1
416,6,7,1702,1702,0
417,5,1,1707,1703,4
418,2,3,1709,1706,3
419,6,8,1715,1714,1
420,4,0,1719,1714,5
421,2,4,1721,1718,3
422,2,4,1723,1722,1
423,5,5,1728,1727,1
424,5,5,1733,1732,1
425,3,1,1736,1733,3
426,4,3,1740,1736,4
427,6,7,1746,1743,3
428,1,3,1747,1746,1
429,6,4,1753,1750,3
430,4,4,1757,1754,3
431,3,5,1760,1759,1
432,5,4,1765,1763,2
433,2,3,1767,1766,1
434,5,6,1772,1772,0
435,5,3,1777,1775,2
436,5,3,1782,1778,4
437,3,2,1785,1780,5
438,6,5,1791,1785,6
439,1,4,1792,1789,3
440,4,1,1796,1790,6
441,4,6,1800,1796,4
442,4,5,1804,1801,3
443,4,3,1808,1804,4
444,4,5,1812,1809,3
445,4,4,1816,1813,3
446,4,6,1820,1819,1
447,3,3,1823,1822,1
448,7,5,1830,1827,3
449,4,3,1834,1830,4
450,3,3,1837,1833,4
451,3,4,1840,1837,3
452,4,2,1844,1839,5
453,4,4,1848,1843,5
454,4,5,1852,1848,4
455,5,5,1857,1853,4
456,3,6,1860,1859,1
457,6,3,1866,1862,4
458,1,2,1867,1864,3
459,6,6,1873,1870,3
460,4,2,1877,1872,5
461,4,3,1881,1875,6
462,2,5,1883,1880,3
463,3,6,1886,1886,0
464,5,2,1891,1888,3
465,7,6,1898,1894,4
466,4,2,1902,1896,6
467,4,4,1906,1900,6
468,2,10,1908,1910,-2
469,5,1,1913,1911,2
470,7,1,1920,1912,8
471,1,4,1921,1916,5
472,2,4,1923,1920,3
473,5,4,1928,1924,4
474,4,7,1932,1931,1
475,4,2,1936,1933,3
476,5,3,1941,1936,5
477,3,4,1944,1940,4
478,2,5,1946,1945,1
479,5,6,1951,1951,0
480,5,2,1956,1953,3
481,4,4,1960,1957,3
482,2,5,1962,1962,0
483,6,3,1968,1965,3
484,2,4,1970,1969,1
485,3,4,1973,1973,0
486,8,4,1981,1977,4
487,3,6,1984,1983,1
488,4,4,1988,1987,1
489,6,2,1994,1989,5
490,2,1,1996,1990,6
491,3,7,1999,1997,2
492,6,6,2005,2003,2
493,6,4,2011,2007,4
494,2,1,2013,2008,5
495,2,3,2015,2011,4
496,3,6,2018,2017,1
497,6,4,2024,2021,3
498,5,3,2029,2024,5
499,4,6,2033,2030,3
500,2,5,2035,2035,0
501,6,3,2041,2038,3
502,5,4,2046,2042,4
503,2,2,2048,2044,4
504,3,6,2051,2050,1
505,5,3,2056,2053,3
506,6,5,2062,2058,4
507,1,2,2063,2060,3
508,6,5,2069,2065,4
509,5,5,2074,2070,4
510,5,3,2079,2073,6
511,1,3,2080,2076,4
512,6,2,2086,2078,8
513,3,8,2089,2086,3
514,6,3,2095,2089,6
515,3,3,2098,2092,6
516,3,5,2101,2097,4
517,5,5,2106,2102,4
518,2,3,2108,2105,3
519,3,4,2111,2109,2
520,5,3,2116,2112,4
521,5,6,2121,2118,3
522,5,4,2126,2122,4
523,2,3,2128,2125,3
524,3,5,2131,2130,1
525,7,1,2138,2131,7
526,5,5,2143,2136,7
527,2,4,2145,2140,5
528,4,4,2149,2144,5
529,2,5,2151,2149,2
530,6,4,2157,2153,4
531,3,5,2160,2158,2
532,2,4,2162,2162,0
533,7,5,2169,2167,2
534,4,4,2173,2171,2
535,3,1,2176,2172,4
536,5,4,2181,2176,5
537,2,4,2183,2180,3
538,4,5,2187,2185,2
539,7,4,2194,2189,5
540,4,3,2198,2192,6
541,5,5,2203,2197,6
542,2,4,2205,2201,4
543,4,3,2209,2204,5
544,3,2,2212,2206,6
545,4,6,2216,2212,4
546,3,4,2219,2216,3
547,4,5,2223,2221,2
548,6,3,2229,2224,5
549,7,3,2236,2227,9
550,3,6,2239,2233,6
551,2,3,2241,2236,5
552,4,2,2245,2238,7
553,4,3,2249,2241,8
554,5,5,2254,2246,8
555,3,5,2257,2251,6
556,4,3,2261,2254,7
557,4,6,2265,2260,5
558,4,4,2269,2264,5
559,3,2,2272,2266,6
560,3,6,2275,2272,3
561,5,3,2280,2275,5
562,2,4,2282,2279,3
563,4,4,2286,2283,3
564,4,3,2290,2286,4
565,4,6,2294,2292,2
566,6,3,2300,2295,5
567,3,5,2303,2300,3
568,5,5,2308,2305,3
569,2,3,2310,2308,2
570,5,1,2315,2309,6
571,2,6,2317,2315,2
572,6,4,2323,2319,4
573,4,4,2327,2323,4
574,5,4,2332,2327,5
575,4,5,2336,2332,4
576,4,6,2340,2338,2
577,3,3,2343,2341,2
578,4,2,2347,2343,4
579,5,4,2352,2347,5
580,1,5,2353,2352,1
581,6,5,2359,2357,2
582,5,3,2364,2360,4
583,2,2,2366,2362,4
584,4,5,2370,2367,3
585,5,6,2375,2373,2
586,5,1,2380,2374,6
587,3,5,2383,2379,4
588,2,3,2385,2382,3
589,6,7,2391,2389,2
590,6,5,2397,2394,3
591,0,5,2397,2399,-2
592,5,3,2402,2402,0
593,5,3,2407,2405,2
594,3,3,2410,2408,2
595,5,4,2415,2412,3
596,4,2,2419,2414,5
597,4,5,2423,2419,4
598,4,3,2427,2422,5
599,5,7,2432,2429,3
600,5,2,2437,2431,6
601,3,3,2440,2434,6
602,4,5,2444,2439,5
603,3,3,2447,2442,5
604,3,5,2450,2447,3
605,5,1,2455,2448,7
606,6,6,2461,2454,7
607,6,2,2467,2456,11
608,2,7,2469,2463,6
609,1,2,2470,2465,5
610,5,5,2475,2470,5
611,4,5,2479,2475,4
612,4,2,2483,2477,6
613,3,5,2486,2482,4
614,5,4,2491,2486,5
615,4,5,2495,2491,4
616,3,2,2498,2493,5
617,6,9,2504,2502,2
618,2,0,2506,2502,4
619,5,5,2511,2507,4
620,4,6,2515,2513,2
621,5,1,2520,2514,6
622,4,6,2524,2520,4
623,4,5,2528,2525,3
624,5,2,2533,2527,6
625,2,4,2535,2531,4
626,4,5,2539,2536,3
627,3,4,2542,2540,2
628,6,4,2548,2544,4
629,5,5,2553,2549,4
630,3,3,2556,2552,4
631,5,4,2561,2556,5
632,3,6,2564,2562,2
633,4,1,2568,2563,5
634,4,5,2572,2568,4
635,3,3,2575,2571,4
636,4,5,2579,2576,3
637,4,3,2583,2579,4
638,4,4,2587,2583,4
639,4,6,2591,2589,2
640,4,2,2595,2591,4
641,4,5,2599,2596,3
642,4,3,2603,2599,4
643,5,4,2608,2603,5
644,4,5,2612,2608,4
645,6,3,2618,2611,7
646,2,6,2620,2617,3
647,2,3,2622,2620,2
648,4,2,2626,2622,4
649,9,5,2635,2627,8
650,2,6,2637,2633,4
651,4,1,2641,2634,7
652,1,6,2642,2640,2
653,3,4,2645,2644,1
654,5,3,2650,2647,3
655,3,4,2653,2651,2
656,4,2,2657,2653,4
657,6,8,2663,2661,2
658,3,3,2666,2664,2
659,3,1,2669,2665,4
660,6,5,2675,2670,5
661,3,6,2678,2676,2
662,4,3,2682,2679,3
663,5,5,2687,2684,3
664,5,4,2692,2688,4
665,5,4,2697,2692,5
666,3,4,2700,2696,4
667,2,3,2702,2699,3
668,5,4,2707,2703,4
669,1,3,2708,2706,2
670,2,2,2710,2708,2
671,6,5,2716,2713,3
672,7,4,2723,2717,6
673,3,7,2726,2724,2
674,3,5,2729,2729,0
675,2,2,2731,2731,0
676,7,4,2738,2735,3
677,6,5,2744,2740,4
678,3,3,2747,2743,4
679,3,6,2750,2749,1
680,3,3,2753,2752,1
681,4,4,2757,2756,1
682,4,2,2761,2758,3
683,6,6,2767,2764,3
684,2,3,2769,2767,2
685,4,2,2773,2769,4
686,4,5,2777,2774,3
687,5,2,2782,2776,6
688,3,4,2785,2780,5
689,4,9,2789,2789,0
690,5,2,2794,2791,3
691,6,5,2800,2796,4
692,5,4,2805,2800,5
693,2,1,2807,2801,6
694,4,5,2811,2806,5
695,5,8,2816,2814,2
696,0,2,2816,2816,0
697,6,4,2822,2820,2
698,7,6,2829,2826,3
699,3,2,2832,2828,4
700,4,5,2836,2833,3
701,3,1,2839,2834,5
702,2,5,2841,2839,2
703,3,4,2844,2843,1
704,8,5,2852,2848,4
705,3,3,2855,2851,4
706,3,4,2858,2855,3
707,2,6,2860,2861,-1
708,6,3,2866,2864,2
709,3,3,2869,2867,2
710,5,4,2874,2871,3
711,5,4,2879,2875,4
712,6,5,2885,2880,5
713,1,4,2886,2884,2
714,7,4,2893,2888,5
715,3,4,2896,2892,4
716,4,4,2900,2896,4
717,3,3,2903,2899,4
718,3,4,2906,2903,3
719,4,6,2910,2909,1
720,3,2,2913,2911,2
721,3,5,2916,2916,0
722,6,2,2922,2918,4
723,2,3,2924,2921,3
724,6,7,2930,2928,2
725,4,4,2934,2932,2
726,5,6,2939,2938,1
727,4,2,2943,2940,3
728,5,5,2948,2945,3
729,3,2,2951,2947,4
730,2,2,2953,2949,4
731,5,5,2958,2954,4
732,3,4,2961,2958,3
733,3,3,2964,2961,3
734,5,9,2969,2970,-1
735,4,3,2973,2973,0
736,3,2,2976,2975,1
737,7,5,2983,2980,3
738,5,4,2988,2984,4
739,2,2,2990,2986,4
740,2,7,2992,2993,-1
741,6,2,2998,2995,3
742,4,2,3002,2997,5
743,4,7,3006,3004,2
744,2,4,3008,3008,0
745,5,4,3013,3012,1
746,4,4,3017,3016,1
747,5,6,3022,3022,0
748,3,3,3025,3025,0
749,6,1,3031,3026,5
750,2,6,3033,3032,1
751,4,4,3037,3036,1
752,7,3,3044,3039,5
753,2,1,3046,3040,6
754,3,6,3049,3046,3
755,8,5,3057,3051,6
756,2,5,3059,3056,3
757,3,2,3062,3058,4
758,4,3,3066,3061,5
759,3,8,3069,3069,0
760,5,5,3074,3074,0
761,6,1,3080,3075,5
762,3,6,3083,3081,2
763,4,2,3087,3083,4
764,2,3,3089,3086,3
765,5,6,3094,3092,2
766,4,3,3098,3095,3
767,5,3,3103,3098,5
768,6,3,3109,3101,8
769,5,8,3114,3109,5
770,2,2,3116,3111,5
771,3,2,3119,3113,6
772,2,8,3121,3121,0
773,2,4,3123,3125,-2
774,6,3,3129,3128,1
775,4,4,3133,3132,1
776,5,3,3138,3135,3
777,6,5,3144,3140,4
778,3,3,3147,3143,4
779,3,3,3150,3146,4
780,5,4,3155,3150,5
781,2,3,3157,3153,4
782,6,5,3163,3158,5
783,3,6,3166,3164,2
784,4,3,3170,3167,3
785,5,4,3175,3171,4
786,2,5,3177,3176,1
787,3,4,3180,3180,0
788,3,4,3183,3184,-1
789,8,2,3191,3186,5
790,4,5,3195,3191,4
791,4,5,3199,3196,3
792,4,4,3203,3200,3
793,3,2,3206,3202,4
794,4,5,3210,3207,3
795,5,4,3215,3211,4
796,2,5,3217,3216,1
797,6,4,3223,3220,3
798,1,2,3224,3222,2
799,6,5,3230,3227,3
800,2,3,3232,3230,2
801,7,6,3239,3236,3
802,4,3,3243,3239,4
803,4,5,3247,3244,3
804,5,2,3252,3246,6
805,1,7,3253,3253,0
806,5,4,3258,3257,1
807,4,4,3262,3261,1
808,1,2,3263,3263,0
809,10,5,3273,3268,5
810,4,4,3277,3272,5
811,2,4,3279,3276,3
812,3,2,3282,3278,4
813,4,5,3286,3283,3
814,4,2,3290,3285,5
815,4,7,3294,3292,2
816,3,1,3297,3293,4
817,7,7,3304,3300,4
818,4,6,3308,3306,2
819,3,1,3311,3307,4
820,3,7,3314,3314,0
821,4,2,3318,3316,2
822,4,3,3322,3319,3
823,5,4,3327,3323,4
824,5,3,3332,3326,6
825,3,4,3335,3330,5
826,1,5,3336,3335,1
827,7,3,3343,3338,5
828,4,6,3347,3344,3
829,2,4,3349,3348,1
830,5,4,3354,3352,2
831,6,2,3360,3354,6
832,3,6,3363,3360,3
833,4,3,3367,3363,4
834,3,4,3370,3367,3
835,4,5,3374,3372,2
836,4,5,3378,3377,1
837,3,4,3381,3381,0
838,6,3,3387,3384,3
839,5,4,3392,3388,4
840,3,4,3395,3392,3
841,3,2,3398,3394,4
842,5,4,3403,3398,5
843,2,5,3405,3403,2
844,3,4,3408,3407,1
845,7,3,3415,3410,5
846,4,6,3419,3416,3
847,4,4,3423,3420,3
848,4,5,3427,3425,2
849,5,3,3432,3428,4
850,5,1,3437,3429,8
851,3,8,3440,3437,3
852,3,4,3443,3441,2
853,4,2,3447,3443,4
854,2,3,3449,3446,3
855,6,3,3455,3449,6
856,4,7,3459,3456,3
857,1,2,3460,3458,2
858,6,3,3466,3461,5
859,3,6,3469,3467,2
860,5,3,3474,3470,4
861,4,4,3478,3474,4
862,8,4,3486,3478,8
863,4,7,3490,3485,5
864,0,4,3490,3489,1
865,4,4,3494,3493,1
866,4,2,3498,3495,3
867,3,4,3501,3499,2
868,4,3,3505,3502,3
869,4,6,3509,3508,1
870,6,5,3515,3513,2
871,3,3,3518,3516,2
872,5,4,3523,3520,3
873,3,4,3526,3524,2
874,6,1,3532,3525,7
875,2,5,3534,3530,4
876,5,6,3539,3536,3
877,4,4,3543,3540,3
878,5,4,3548,3544,4
879,4,2,3552,3546,6
880,3,4,3555,3550,5
881,5,7,3560,3557,3
882,1,5,3561,3562,-1
883,5,3,3566,3565,1
884,5,3,3571,3568,3
885,2,2,3573,3570,3
886,5,6,3578,3576,2
887,3,4,3581,3580,1
888,6,4,3587,3584,3
889,3,2,3590,3586,4
890,4,4,3594,3590,4
891,3,7,3597,3597,0
892,7,3,3604,3600,4
893,3,3,3607,3603,4
894,4,4,3611,3607,4
895,1,2,3612,3609,3
896,5,2,3617,3611,6
897,6,2,3623,3613,10
898,4,1,3627,3614,13
899,4,4,3631,3618,13
900,3,2,3634,3620,14
901,4,2,3638,3622,16
902,4,2,3642,3624,18
903,4,0,3646,3624,22
904,4,2,3650,3626,24
905,5,1,3655,3627,28
906,2,6,3657,3633,24
907,4,1,3661,3634,27
908,4,4,3665,3638,27
909,2,1,3667,3639,28
910,7,3,3674,3642,32
911,5,3,3679,3645,34
912,4,4,3683,3649,34
913,3,4,3686,3653,33
914,4,2,3690,3655,35
915,3,4,3693,3659,34
916,7,4,3700,3663,37
917,3,3,3703,3666,37
918,2,4,3705,3670,35
919,5,5,3710,3675,35
920,5,2,3715,3677,38
921,2,5,3717,3682,35
922,5,3,3722,3685,37
923,4,3,3726,3688,38
924,7,4,3733,3692,41
925,3,7,3736,3699,37
926,1,2,3737,3701,36
927,5,3,3742,3704,38
928,4,5,3746,3709,37
929,6,7,3752,3716,36
930,2,0,3754,3716,38
931,7,4,3761,3720,41
932,2,4,3763,3724,39
933,3,3,3766,3727,39
934,4,3,3770,3730,40
935,4,7,3774,3737,37
936,4,5,3778,3742,36
937,5,2,3783,3744,39
938,4,3,3787,3747,40
939,5,5,3792,3752,40
940,6,4,3798,3756,42
941,2,3,3800,3759,41
942,1,5,3801,3764,37
943,5,1,3806,3765,41
944,6,6,3812,3771,41
945,4,6,3816,3777,39
946,5,5,3821,3782,39
947,3,0,3824,3782,42
948,2,4,3826,3786,40
949,4,5,3830,3791,39
950,6,5,3836,3796,40
951,3,3,3839,3799,40
952,5,7,3844,3806,38
953,4,2,3848,3808,40
954,3,3,3851,3811,40
955,3,3,3854,3814,40
956,4,8,3858,3822,36
957,3,3,3861,3825,36
958,3,4,3864,3829,35
959,7,3,3871,3832,39
960,3,3,3874,3835,39
961,5,7,3879,3842,37
962,4,3,3883,3845,38
963,2,4,3885,3849,36
964,4,3,3889,3852,37
965,4,5,3893,3857,36
966,5,5,3898,3862,36
967,7,4,3905,3866,39
968,4,5,3909,3871,38
969,2,3,3911,3874,37
970,3,2,3914,3876,38
971,4,5,3918,3881,37
972,5,2,3923,3883,40
973,6,6,3929,3889,40
974,3,4,3932,3893,39
975,2,4,3934,3897,37
976,3,4,3937,3901,36
977,5,2,3942,3903,39
978,5,7,3947,3910,37
979,4,3,3951,3913,38
980,1,2,3952,3915,37
981,5,5,3957,3920,37
982,1,5,3958,3925,33
983,7,3,3965,3928,37
984,3,5,3968,3933,35
985,5,2,3973,3935,38
986,3,5,3976,3940,36
987,6,6,3982,3946,36
988,4,4,3986,3950,36
989,2,2,3988,3952,36
990,4,4,3992,3956,36
991,3,4,3995,3960,35
992,8,4,4003,3964,39
993,2,6,4005,3970,35
994,5,2,4010,3972,38
995,1,7,4011,3979,32
996,7,2,4018,3981,37
997,5,2,4023,3983,40
998,4,4,4027,3987,40
999,2,6,4029,3993,36
1000,7,3,4036,3996,40
1001,0,4,4036,4000,36
1002,5,5,4041,4005,36
1003,6,4,4047,4009,38
1004,3,1,4050,4010,40
1005,4,3,4054,4013,41
1006,3,6,4057,4019,38
1007,5,9,4062,4028,34
1008,5,2,4067,4030,37
1009,3,2,4070,4032,38
1010,3,2,4073,4034,39
1011,4,6,4077,4040,37
1012,4,7,4081,4047,34
1013,5,2,4086,4049,37
1014,3,3,4089,4052,37
1015,4,5,4093,4057,36
1016,4,3,4097,4060,37
1017,5,4,4102,4064,38
1018,4,3,4106,4067,39
1019,6,4,4112,4071,41
1020,1,4,4113,4075,38
1021,5,2,4118,4077,41
1022,4,7,4122,4084,38
1023,4,4,4126,4088,38
1024,5,6,4131,4094,37
1025,5,4,4136,4098,38
1026,3,3,4139,4101,38
1027,3,2,4142,4103,39
1028,4,3,4146,4106,40
1029,5,6,4151,4112,39
1030,2,5,4153,4117,36
1031,3,2,4156,4119,37
1032,6,6,4162,4125,37
1033,2,4,4164,4129,35
1034,9,3,4173,4132,41
1035,2,5,4175,4137,38
1036,5,2,4180,4139,41
1037,4,4,4184,4143,41
1038,1,5,4185,4148,37
1039,2,5,4187,4153,34
1040,4,2,4191,4155,36
1041,5,5,4196,4160,36
1042,3,3,4199,4163,36
1043,7,4,4206,4167,39
1044,4,6,4210,4173,37
1045,3,2,4213,4175,38
1046,4,7,4217,4182,35
1047,3,3,4220,4185,35
1048,6,4,4226,4189,37
1049,2,5,4228,4194,34
1050,6,1,4234,4195,39
1051,3,6,4237,4201,36
1052,4,2,4241,4203,38
1053,4,4,4245,4207,38
1054,2,7,4247,4214,33
1055,6,2,4253,4216,37
1056,6,5,4259,4221,38
1057,4,4,4263,4225,38
1058,3,2,4266,4227,39
1059,5,6,4271,4233,38
1060,2,4,4273,4237,36
1061,3,3,4276,4240,36
1062,6,3,4282,4243,39
1063,4,2,4286,4245,41
1064,3,7,4289,4252,37
1065,8,7,4297,4259,38
1066,0,2,4297,4261,36
1067,5,4,4302,4265,37
1068,5,3,4307,4268,39
1069,1,5,4308,4273,35
1070,4,4,4312,4277,35
1071,5,3,4317,4280,37
1072,6,2,4323,4282,41
1073,5,6,4328,4288,40
1074,2,4,4330,4292,38
1075,2,6,4332,4298,34
1076,3,3,4335,4301,34
1077,4,4,4339,4305,34
1078,5,4,4344,4309,35
1079,4,2,4348,4311,37
1080,5,3,4353,4314,39
1081,4,6,4357,4320,37
1082,6,5,4363,4325,38
1083,3,5,4366,4330,36
1084,3,4,4369,4334,35
1085,6,3,4375,4337,38
1086,3,3,4378,4340,38
1087,2,5,4380,4345,35
1088,3,5,4383,4350,33
1089,7,3,4390,4353,37
1090,3,6,4393,4359,34
1091,6,2,4399,4361,38
1092,2,3,4401,4364,37
1093,4,7,4405,4371,34
1094,5,1,4410,4372,38
1095,3,4,4413,4376,37
1096,7,6,4420,4382,38
1097,3,0,4423,4382,41
1098,1,6,4424,4388,36
1099,4,5,4428,4393,35
1100,5,3,4433,4396,37
1101,8,6,4441,4402,39
1102,3,2,4444,4404,40
1103,1,4,4445,4408,37
1104,2,4,4447,4412,35
1105,7,5,4454,4417,37
1106,2,3,4456,4420,36
1107,6,4,4462,4424,38
1108,4,6,4466,4430,36
1109,2,1,4468,4431,37
1110,6,4,4474,4435,39
1111,5,3,4479,4438,41
1112,4,4,4483,4442,41
1113,4,4,4487,4446,41
1114,2,5,4489,4451,38
1115,6,5,4495,4456,39
1116,1,7,4496,4463,33
1117,6,1,4502,4464,38
1118,2,3,4504,4467,37
1119,4,1,4508,4468,40
1120,8,3,4516,4471,45
1121,7,3,4523,4474,49
1122,0,3,4523,4477,46
1123,5,4,4528,4481,47
1124,3,2,4531,4483,48
1125,2,1,4533,4484,49
1126,3,0,4536,4484,52
1127,4,0,4540,4484,56
1128,5,0,4545,4484,61
1129,5,0,4550,4484,66
1130,5,0,4555,4484,71
1131,3,0,4558,4484,74
1132,4,0,4562,4484,78
1133,4,0,4566,4484,82
1134,4,0,4570,4484,86
1135,3,0,4573,4484,89
1136,5,0,4578,4484,94
1137,5,0,4583,4484,99
1138,1,0,4584,4484,100
1139,7,0,4591,4484,107
1140,4,0,4595,4484,111
1141,4,0,4599,4484,115
1142,1,0,4600,4484,116
1143,4,0,4604,4484,120
1144,6,0,4610,4484,126
1145,2,0,4612,4484,128
1146,7,0,4619,4484,135
1147,4,0,4623,4484,139
1148,3,0,4626,4484,142
1149,2,0,4628,4484,144
1150,7,0,4635,4484,151
1151,2,0,4637,4484,153
1152,3,0,4640,4484,156
1153,4,0,4644,4484,160
1154,8,0,4652,4484,168
1155,4,0,4656,4484,172
1157,6,0,4662,4484,178
1158,4,0,4666,4484,182
1159,2,0,4668,4484,184
1160,3,0,4671,4484,187
1161,5,0,4676,4484,192
1162,7,0,4683,4484,199
1163,3,0,4686,4484,202
1164,3,0,4689,4484,205
1165,4,0,4693,4484,209
1166,6,0,4699,4484,215
1167,2,0,4701,4484,217
1168,3,0,4704,4484,220
1169,4,0,4708,4484,224
1170,5,0,4713,4484,229
1171,3,0,4716,4484,232
1172,7,0,4723,4484,239
1173,5,0,4728,4484,244
1174,3,0,4731,4484,247
1175,3,0,4734,4484,250
1176,5,0,4739,4484,255
1177,2,0,4741,4484,257
1178,6,0,4747,4484,263
1179,3,0,4750,4484,266
1180,3,0,4753,4484,269
1181,4,0,4757,4484,273
1182,5,0,4762,4484,278
1183,4,0,4766,4484,282
1184,4,0,4770,4484,286
1185,4,0,4774,4484,290
1186,2,0,4776,4484,292
1187,5,0,4781,4484,297
1188,5,0,4786,4484,302
1189,5,0,4791,4484,307
1190,1,0,4792,4484,308
1191,5,0,4797,4484,313
1192,5,0,4802,4484,318
1193,3,0,4805,4484,321
1194,5,0,4810,4484,326
1195,3,0,4813,4484,329
1196,6,0,4819,4484,335
1197,1,0,4820,4484,336
1198,5,0,4825,4484,341
1199,5,0,4830,4484,346
1200,2,0,4832,4484,348
1201,5,0,4837,4484,353
1202,5,0,4842,4484,358
1203,4,0,4846,4484,362
1204,2,0,4848,4484,364
1205,5,0,4853,4484,369
1206,4,0,4857,4484,373
1207,7,0,4864,4484,380
1208,2,0,4866,4484,382
1209,5,0,4871,4484,387
1210,1,0,4872,4484,388
1211,5,0,4877,4484,393
1212,2,0,4879,4484,395
1213,2,0,4881,4484,397
1214,6,0,4887,4484,403
1215,3,0,4890,4484,406
1216,6,0,4896,4484,412
1217,4,0,4900,4484,416
1218,3,0,4903,4484,419
1219,7,0,4910,4484,426
1220,2,0,4912,4484,428
1221,3,0,4915,4484,431
1222,5,0,4920,4484,436
1223,2,0,4922,4484,438
1224,5,0,4927,4484,443
1225,3,0,4930,4484,446
1226,7,0,4937,4484,453
1227,3,0,4940,4484,456
1228,5,0,4945,4484,461
1229,4,0,4949,4484,465
1230,1,0,4950,4484,466
1231,5,0,4955,4484,471
1232,4,0,4959,4484,475
1233,5,0,4964,4484,480
1234,5,0,4969,4484,485
1235,3,0,4972,4484,488
1236,3,0,4975,4484,491
1237,3,0,4978,4484,494
1238,2,0,4980,4484,496
1239,7,0,4987,4484,503
1240,3,0,4990,4484,506
1241,6,0,4996,4484,512
1242,3,0,4999,4484,515
1243,4,0,5003,4484,519
1244,8,0,5011,4484,527
1245,4,0,5015,4484,531
1246,2,0,5017,4484,533
1247,2,0,5019,4484,535
1248,2,0,5021,4484,537
1249,6,0,5027,4484,543
1250,6,0,5033,4484,549
1252,4,0,5037,4484,553
1253,5,0,5042,4484,558
1254,6,0,5048,4484,564
1255,3,0,5051,4484,567
1256,4,0,5055,4484,571
1257,5,0,5060,4484,576
1258,4,0,5064,4484,580
1259,4,0,5068,4484,584
1260,5,0,5073,4484,589
1261,2,0,5075,4484,591
1262,3,0,5078,4484,594
1263,6,0,5084,4484,600
1264,3,0,5087,4484,603
1265,5,0,5092,4484,608
1266,3,0,5095,4484,611
1267,4,0,5099,4484,615
1268,3,0,5102,4484,618
1269,4,0,5106,4484,622
1270,6,0,5112,4484,628
1271,5,0,5117,4484,633
1272,5,0,5122,4484,638
1273,3,0,5125,4484,641
1274,3,0,5128,4484,644
1275,4,0,5132,4484,648
1276,2,0,5134,4484,650
1277,7,0,5141,4484,657
1278,3,0,5144,4484,660
1279,4,0,5148,4484,664
1280,6,0,5154,4484,670
1281,1,0,5155,4484,671
1282,4,0,5159,4484,675
1283,3,0,5162,4484,678
1284,4,0,5166,4484,682
1285,6,0,5172,4484,688
1286,2,0,5174,4484,690
1287,5,0,5179,4484,695
1288,3,0,5182,4484,698
1289,5,0,5187,4484,703
1290,5,0,5192,4484,708
1291,3,0,5195,4484,711
1292,4,0,5199,4484,715
1293,5,0,5204,4484,720
1294,4,0,5208,4484,724
1295,4,0,5212,4484,728
1296,2,0,5214,4484,730
1297,7,0,5221,4484,737
1298,3,0,5224,4484,740
1299,4,0,5228,4484,744
1300,5,0,5233,4484,749
1301,3,0,5236,4484,752
1302,3,0,5239,4484,755
1303,4,0,5243,4484,759
1304,3,0,5246,4484,762
1305,5,0,5251,4484,767
1306,5,0,5256,4484,772
1307,6,0,5262,4484,778
1308,1,0,5263,4484,779
1309,5,0,5268,4484,784
1310,3,0,5271,4484,787
1311,4,0,5275,4484,791
1312,5,0,5280,4484,796
1313,4,0,5284,4484,800
1314,3,0,5287,4484,803
1315,3,0,5290,4484,806
1316,6,0,5296,4484,812
1317,2,0,5298,4484,814
1318,7,0,5305,4484,821
1319,4,0,5309,4484,825
1320,1,0,5310,4484,826
1321,5,0,5315,4484,831
1322,5,0,5320,4484,836
1323,1,0,5321,4484,837
1324,5,0,5326,4484,842
1325,3,0,5329,4484,845
1326,3,0,5332,4484,848
1327,7,0,5339,4484,855
1328,5,0,5344,4484,860
1329,2,0,5346,4484,862
1330,2,0,5348,4484,864
1331,6,0,5354,4484,870
1332,2,0,5356,4484,872
1333,6,0,5362,4484,878
1334,4,0,5366,4484,882
1335,7,0,5373,4484,889
1336,1,0,5374,4484,890
1337,5,0,5379,4484,895
1338,5,0,5384,4484,900
1339,3,0,5387,4484,903
1340,3,0,5390,4484,906
1341,5,0,5395,4484,911
1342,5,0,5400,4484,916
1343,4,0,5404,4484,920
1344,2,0,5406,4484,922
1345,6,0,5412,4484,928
1346,4,0,5416,4484,932
1347,4,0,5420,4484,936
1348,3,0,5423,4484,939
1349,3,0,5426,4484,942
1350,5,0,5431,4484,947
1351,6,0,5437,4484,953
1352,3,0,5440,4484,956
1353,4,0,5444,4484,960
1354,4,0,5448,4484,964
1355,4,0,5452,4484,968
1356,5,0,5457,4484,973
1358,4,0,5461,4484,977
1359,6,0,5467,4484,983
1360,3,0,5470,4484,986
1361,7,0,5477,4484,993
1362,3,0,5480,4484,996
1363,5,0,5485,4484,1001
1364,1,0,5486,4484,1002
1365,2,0,5488,4484,1004
1366,6,0,5494,4484,1010
1367,2,0,5496,4484,1012
1368,6,0,5502,4484,1018
1369,3,0,5505,4484,1021
1370,4,0,5509,4484,1025
1371,8,0,5517,4484,1033
1372,3,0,5520,4484,1036
1373,3,0,5523,4484,1039
1374,5,0,5528,4484,1044
1375,4,0,5532,4484,1048
1376,2,0,5534,4484,1050
1377,5,0,5539,4484,1055
1378,5,0,5544,4484,1060
1379,1,0,5545,4484,1061
1380,5,0,5550,4484,1066
1381,3,0,5553,4484,1069
1382,4,0,5557,4484,1073
1383,4,0,5561,4484,1077
1384,5,0,5566,4484,1082
1385,6,0,5572,4484,1088
1386,2,0,5574,4484,1090
1387,4,0,5578,4484,1094
1388,4,0,5582,4484,1098
1389,4,0,5586,4484,1102
1390,5,0,5591,4484,1107
1391,6,0,5597,4484,1113
1392,2,0,5599,4484,1115
1393,3,0,5602,4484,1118
1394,5,0,5607,4484,1123
1395,5,0,5612,4484,1128
1396,3,0,5615,4484,1131
1397,1,0,5616,4484,1132
1398,4,0,5620,4484,1136
1399,5,0,5625,4484,1141
1400,7,0,5632,4484,1148
1401,3,0,5635,4484,1151
1402,5,0,5640,4484,1156
1403,1,0,5641,4484,1157
1404,6,0,5647,4484,1163
1405,3,0,5650,4484,1166
1406,6,0,5656,4484,1172
1407,4,0,5660,4484,1176
1408,4,0,5664,4484,1180
1409,2,0,5666,4484,1182
1410,4,0,5670,4484,1186
1411,5,0,5675,4484,1191
1412,3,0,5678,4484,1194
1413,6,0,5684,4484,1200
1414,2,0,5686,4484,1202
1415,5,0,5691,4484,1207
1416,3,0,5694,4484,1210
1417,5,0,5699,4484,1215
1418,3,0,5702,4484,1218
1419,3,0,5705,4484,1221
1420,4,0,5709,4484,1225
1421,5,0,5714,4484,1230
1422,6,0,5720,4484,1236
1423,2,0,5722,4484,1238
1424,4,0,5726,4484,1242
1425,3,0,5729,4484,1245
1426,6,0,5735,4484,1251
1427,3,0,5738,4484,1254
1428,3,0,5741,4484,1257
1429,6,0,5747,4484,1263
1430,3,0,5750,4484,1266
1431,5,0,5755,4484,1271
1432,5,0,5760,4484,1276
1433,4,0,5764,4484,1280
1434,3,0,5767,4484,1283
1435,5,0,5772,4484,1288
1436,4,0,5776,4484,1292
1437,4,0,5780,4484,1296
1438,2,0,5782,4484,1298
1439,7,0,5789,4484,1305
1440,4,0,5793,4484,1309
1441,4,0,5797,4484,1313
1442,2,0,5799,4484,1315
1443,5,0,5804,4484,1320
1444,2,0,5806,4484,1322
1445,2,0,5808,4484,1324
1446,3,0,5811,4484,1327
1447,9,0,5820,4484,1336
1448,5,0,5825,4484,1341
1449,2,0,5827,4484,1343
1450,3,0,5830,4484,1346
1451,3,0,5833,4484,1349
1452,5,0,5838,4484,1354
1453,6,0,5844,4484,1360
1454,3,0,5847,4484,1363
1455,5,0,5852,4484,1368
1456,2,0,5854,4484,1370
1457,4,0,5858,4484,1374
1458,7,0,5865,4484,1381
1459,4,0,5869,4484,1385
1460,2,0,5871,4484,1387
1461,2,0,5873,4484,1389
1462,4,0,5877,4484,1393
1463,4,0,5881,4484,1397
1464,2,0,5883,4484,1399
1465,6,0,5889,4484,1405
1466,3,0,5892,4484,1408
1467,5,0,5897,4484,1413
1468,8,0,5905,4484,1421
1469,3,0,5908,4484,1424
1470,2,0,5910,4484,1426
1471,6,0,5916,4484,1432
1472,3,0,5919,4484,1435
1473,5,0,5924,4484,1440
1474,5,0,5929,4484,1445
1475,1,0,5930,4484,1446
1476,3,0,5933,4484,1449
1477,4,0,5937,4484,1453
1478,5,0,5942,4484,1458
1479,6,0,5948,4484,1464
1480,4,0,5952,4484,1468
1481,3,0,5955,4484,1471
1482,4,0,5959,4484,1475
1483,1,0,5960,4484,1476
1484,4,0,5964,4484,1480
1485,5,0,5969,4484,1485
1486,5,0,5974,4484,1490
1487,4,0,5978,4484,1494
1488,4,0,5982,4484,1498
1489,4,0,5986,4484,1502
1490,3,0,5989,4484,1505
1491,3,0,5992,4484,1508
1492,4,0,5996,4484,1512
1493,6,0,6002,4484,1518
1494,7,0,6009,4484,1525
1495,1,0,6010,4484,1526
1496,7,0,6017,4484,1533
1497,3,0,6020,4484,1536
1498,3,0,6023,4484,1539
1499,3,0,6026,4484,1542
1500,3,0,6029,4484,1545
1501,3,0,6032,4484,1548
1502,7,0,6039,4484,1555
1503,4,0,6043,4484,1559
1504,3,0,6046,4484,1562
1505,4,0,6050,4484,1566
1506,3,0,6053,4484,1569
1507,5,0,6058,4484,1574
1508,4,0,6062,4484,1578
1509,5,0,6067,4484,1583
1510,3,0,6070,4484,1586
1511,4,0,6074,4484,1590
1512,6,0,6080,4484,1596
1513,4,0,6084,4484,1600
1514,4,0,6088,4484,1604
1515,2,0,6090,4484,1606
1516,5,0,6095,4484,1611
1517,2,0,6097,4484,1613
1518,7,0,6104,4484,1620
1519,4,0,6108,4484,1624
1520,4,0,6112,4484,1628
1521,3,0,6115,4484,1631
1522,4,0,6119,4484,1635
1523,4,0,6123,4484,1639
1524,5,0,6128,4484,1644
1525,2,0,6130,4484,1646
1526,2,0,6132,4484,1648
1527,5,0,6137,4484,1653
1528,5,0,6142,4484,1658
1529,4,0,6146,4484,1662
1530,6,0,6152,4484,1668
1531,3,0,6155,4484,1671
1532,3,0,6158,4484,1674
1533,6,0,6164,4484,1680
1534,4,0,6168,4484,1684
1535,4,0,6172,4484,1688
1536,3,0,6175,4484,1691
1537,6,0,6181,4484,1697
1538,2,0,6183,4484,1699
1539,5,0,6188,4484,1704
1540,2,0,6190,4484,1706
1541,4,0,6194,4484,1710
1542,3,0,6197,4484,1713
1543,5,0,6202,4484,1718
1544,5,0,6207,4484,1723
1545,4,0,6211,4484,1727
1546,4,0,6215,4484,1731
1547,4,0,6219,4484,1735
1548,5,0,6224,4484,1740
1549,2,0,6226,4484,1742
1550,4,0,6230,4484,1746
1552,9,0,6239,4484,1755
1553,3,0,6242,4484,1758
1554,3,0,6245,4484,1761
1555,6,0,6251,4484,1767
1556,1,0,6252,4484,1768
1557,6,0,6258,4484,1774
1558,3,0,6261,4484,1777
1559,5,0,6266,4484,1782
1560,5,0,6271,4484,1787
1561,3,0,6274,4484,1790
1562,3,0,6277,4484,1793
1563,6,0,6283,4484,1799
1564,6,0,6289,4484,1805
1565,3,0,6292,4484,1808
1566,2,0,6294,4484,1810
1567,3,0,6297,4484,1813
1568,4,0,6301,4484,1817
1569,6,0,6307,4484,1823
1570,5,0,6312,4484,1828
1571,3,0,6315,4484,1831
1572,5,0,6320,4484,1836
1573,3,0,6323,4484,1839
1574,5,0,6328,4484,1844
1575,2,0,6330,4484,1846
1576,5,0,6335,4484,1851
1577,2,0,6337,4484,1853
1578,3,0,6340,4484,1856
1579,5,0,6345,4484,1861
1580,9,0,6354,4484,1870
1582,4,0,6358,4484,1874
1583,7,0,6365,4484,1881
1584,3,0,6368,4484,1884
1585,2,0,6370,4484,1886
1586,3,0,6373,4484,1889
1587,5,0,6378,4484,1894
1588,2,0,6380,4484,1896
1589,7,0,6387,4484,1903
1590,3,0,6390,4484,1906
1591,5,0,6395,4484,1911
1592,5,0,6400,4484,1916
1593,4,0,6404,4484,1920
1594,2,0,6406,4484,1922
1595,5,0,6411,4484,1927
1596,3,0,6414,4484,1930
1597,5,0,6419,4484,1935
1598,4,0,6423,4484,1939
1599,4,0,6427,4484,1943
1600,6,0,6433,4484,1949
1601,2,0,6435,4484,1951
1602,2,0,6437,4484,1953
1603,2,0,6439,4484,1955
1604,7,0,6446,4484,1962
1605,4,0,6450,4484,1966
1606,7,0,6457,4484,1973
1607,4,0,6461,4484,1977
1608,1,0,6462,4484,1978
1609,4,0,6466,4484,1982
1610,7,0,6473,4484,1989
1611,2,0,6475,4484,1991
1612,3,0,6478,4484,1994
1613,4,0,6482,4484,1998
1614,3,0,6485,4484,2001
1615,4,0,6489,4484,2005
1616,8,0,6497,4484,2013
1617,3,0,6500,4484,2016
1618,4,0,6504,4484,2020
1619,5,0,6509,4484,2025
1620,2,0,6511,4484,2027
1621,3,0,6514,4484,2030
1622,3,0,6517,4484,2033
1623,4,0,6521,4484,2037
1624,6,0,6527,4484,2043
1625,4,0,6531,4484,2047
1626,3,0,6534,4484,2050
1627,4,0,6538,4484,2054
1628,4,0,6542,4484,2058
1629,2,0,6544,4484,2060
1630,10,0,6554,4484,2070
1631,1,0,6555,4484,2071
1632,4,0,6559,4484,2075
1633,2,0,6561,4484,2077
1634,6,0,6567,4484,2083
1635,5,0,6572,4484,2088
1636,1,0,6573,4484,2089
1637,5,0,6578,4484,2094
1638,4,0,6582,4484,2098
1639,2,0,6584,4484,2100
1640,6,0,6590,4484,2106
1641,6,0,6596,4484,2112
1642,2,0,6598,4484,2114
1643,3,0,6601,4484,2117
1644,3,0,6604,4484,2120
1645,5,0,6609,4484,2125
1646,5,0,6614,4484,2130
1647,2,0,6616,4484,2132
1648,3,0,6619,4484,2135
1649,6,0,6625,4484,2141
1650,5,0,6630,4484,2146
1651,4,0,6634,4484,2150
1652,3,0,6637,4484,2153
1653,5,0,6642,4484,2158
1654,4,0,6646,4484,2162
1655,6,0,6652,4484,2168
1656,3,0,6655,4484,2171
1657,2,0,6657,4484,2173
1658,6,0,6663,4484,2179
1659,2,0,6665,4484,2181
1660,3,0,6668,4484,2184
1661,6,0,6674,4484,2190
1662,4,0,6678,4484,2194
1663,2,0,6680,4484,2196
1664,3,0,6683,4484,2199
1665,5,0,6688,4484,2204
1666,7,0,6695,4484,2211
1667,2,0,6697,4484,2213
1668,6,0,6703,4484,2219
1669,2,0,6705,4484,2221
1670,4,0,6709,4484,2225
1671,2,0,6711,4484,2227
1672,6,0,6717,4484,2233
1673,4,0,6721,4484,2237
1674,6,0,6727,4484,2243
1675,3,0,6730,4484,2246
1676,3,0,6733,4484,2249
1677,6,0,6739,4484,2255
1678,2,0,6741,4484,2257
1679,6,0,6747,4484,2263
1680,3,0,6750,4484,2266
1681,3,0,6753,4484,2269
1682,5,0,6758,4484,2274
1683,4,0,6762,4484,2278
1684,4,0,6766,4484,2282
1686,6,0,6772,4484,2288
1687,5,0,6777,4484,2293
1688,5,0,6782,4484,2298
1689,5,0,6787,4484,2303
1690,2,0,6789,4484,2305
1691,4,0,6793,4484,2309
1692,3,0,6796,4484,2312
1693,4,0,6800,4484,2316
1694,5,0,6805,4484,2321
1695,3,0,6808,4484,2324
1696,4,0,6812,4484,2328
1697,5,0,6817,4484,2333
1698,5,0,6822,4484,2338
1699,4,0,6826,4484,2342
1700,5,0,6831,4484,2347
1701,4,0,6835,4484,2351
1702,2,0,6837,4484,2353
1703,5,0,6842,4484,2358
1704,4,0,6846,4484,2362
1705,4,0,6850,4484,2366
1706,4,0,6854,4484,2370
1707,5,0,6859,4484,2375
1708,3,0,6862,4484,2378
1709,5,0,6867,4484,2383
1710,2,0,6869,4484,2385
1711,3,0,6872,4484,2388
1712,4,0,6876,4484,2392
1713,5,0,6881,4484,2397
1714,4,0,6885,4484,2401
1715,2,0,6887,4484,2403
1716,6,0,6893,4484,2409
1717,4,0,6897,4484,2413
1718,4,0,6901,4484,2417
1719,3,0,6904,4484,2420
1720,5,0,6909,4484,2425
1721,4,0,6913,4484,2429
1722,4,0,6917,4484,2433
1723,5,0,6922,4484,2438
1724,3,0,6925,4484,2441
1725,3,0,6928,4484,2444
1726,3,0,6931,4484,2447
1727,5,0,6936,4484,2452
1728,5,0,6941,4484,2457
1729,3,0,6944,4484,2460
1730,4,0,6948,4484,2464
1731,3,0,6951,4484,2467
1732,5,0,6956,4484,2472
1733,6,0,6962,4484,2478
1734,3,0,6965,4484,2481
1735,2,0,6967,4484,2483
1736,6,0,6973,4484,2489
1737,5,0,6978,4484,2494
1738,4,0,6982,4484,2498
1739,1,0,6983,4484,2499
1740,4,0,6987,4484,2503
1741,4,0,6991,4484,2507
1742,4,0,6995,4484,2511
1743,6,0,7001,4484,2517
1744,5,0,7006,4484,2522
1745,3,0,7009,4484,2525
1746,2,0,7011,4484,2527
1747,7,0,7018,4484,2534
1748,1,0,7019,4484,2535
1749,5,0,7024,4484,2540
1750,7,0,7031,4484,2547
1751,1,0,7032,4484,2548
1752,3,0,7035,4484,2551
1753,2,0,7037,4484,2553
1754,7,0,7044,4484,2560
1755,3,0,7047,4484,2563
1756,3,0,7050,4484,2566
1757,4,0,7054,4484,2570
1758,4,0,7058,4484,2574
1759,7,0,7065,4484,2581
1760,3,0,7068,4484,2584
1761,1,0,7069,4484,2585
1762,7,0,7076,4484,2592
1763,3,0,7079,4484,2595
1764,5,0,7084,4484,2600
1765,2,0,7086,4484,2602
1766,4,0,7090,4484,2606
1767,7,0,7097,4484,2613
1768,2,0,7099,4484,2615
1769,4,0,7103,4484,2619
1770,2,0,7105,4484,2621
1771,5,0,7110,4484,2626
1772,4,0,7114,4484,2630
1773,3,0,7117,4484,2633
1774,5,0,7122,4484,2638
1775,5,0,7127,4484,2643
1776,2,0,7129,4484,2645
1777,5,0,7134,4484,2650
1778,4,0,7138,4484,2654
1779,4,0,7142,4484,2658
1780,3,0,7145,4484,2661
1781,6,0,7151,4484,2667
1782,5,0,7156,4484,2672
1783,3,0,7159,4484,2675
1784,3,0,7162,4484,2678
1785,3,0,7165,4484,2681
1786,4,0,7169,4484,2685
1787,7,0,7176,4484,2692
1788,5,0,7181,4484,2697
1789,5,0,7186,4484,2702
1790,2,0,7188,4484,2704
1791,2,0,7190,4484,2706
1792,4,0,7194,4484,2710
1793,4,0,7198,4484,2714
1794,4,0,7202,4484,2718
1795,4,0,7206,4484,2722
1796,4,0,7210,4484,2726
1797,5,0,7215,4484,2731
1798,4,0,7219,4484,2735
1799,5,0,7224,4484,2740
1800,4,0,7228,4484,2744
1801,4,0,7232,4484,2748
1802,3,0,7235,4484,2751
1803,3,0,7238,4484,2754
1804,6,0,7244,4484,2760
1805,3,0,7247,4484,2763
1806,1,0,7248,4484,2764
1807,6,0,7254,4484,2770
1808,5,0,7259,4484,2775
1809,5,0,7264,4484,2780
1810,3,0,7267,4484,2783
1811,3,0,7270,4484,2786
1812,4,0,7274,4484,2790
1813,4,0,7278,4484,2794
1814,5,0,7283,4484,2799
1815,4,0,7287,4484,2803
1816,3,0,7290,4484,2806
1817,6,0,7296,4484,2812
1818,3,0,7299,4484,2815
1819,3,0,7302,4484,2818
1820,4,0,7306,4484,2822
1821,3,0,7309,4484,2825
1822,5,0,7314,4484,2830
1823,3,0,7317,4484,2833
1824,4,0,7321,4484,2837
1825,2,0,7323,4484,2839
1826,5,0,7328,4484,2844
1827,6,0,7334,4484,2850
1828,4,0,7338,4484,2854
1829,3,0,7341,4484,2857
1830,4,0,7345,4484,2861
1831,3,0,7348,4484,2864
1832,7,0,7355,4484,2871
1833,5,0,7360,4484,2876
1834,1,0,7361,4484,2877
1835,2,0,7363,4484,2879
1836,7,0,7370,4484,2886
1837,5,0,7375,4484,2891
1838,4,0,7379,4484,2895
1839,2,0,7381,4484,2897
1840,7,0,7388,4484,2904
1841,1,0,7389,4484,2905
1842,5,0,7394,4484,2910
1843,3,0,7397,4484,2913
1844,2,0,7399,4484,2915
1845,8,0,7407,4484,2923
1846,3,0,7410,4484,2926
1847,4,0,7414,4484,2930
1848,3,0,7417,4484,2933
1849,5,0,7422,4484,2938
1850,4,0,7426,4484,2942
1851,5,0,7431,4484,2947
1852,4,0,7435,4484,2951
1853,1,0,7436,4484,2952
1854,2,0,7438,4484,2954
1855,6,0,7444,4484,2960
1856,3,0,7447,4484,2963
1857,7,0,7454,4484,2970
1858,2,0,7456,4484,2972
1859,5,0,7461,4484,2977
1860,4,0,7465,4484,2981
1861,3,0,7468,4484,2984
1862,5,0,7473,4484,2989
1863,4,0,7477,4484,2993
1864,5,0,7482,4484,2998
1865,3,0,7485,4484,3001
1866,4,0,7489,4484,3005
1867,5,0,7494,4484,3010
1868,3,0,7497,4484,3013
1869,3,0,7500,4484,3016
1870,6,0,7506,4484,3022
1871,5,0,7511,4484,3027
1872,1,0,7512,4484,3028
1873,4,0,7516,4484,3032
1874,6,0,7522,4484,3038
1875,4,0,7526,4484,3042
1876,4,0,7530,4484,3046
1877,2,0,7532,4484,3048
1878,6,0,7538,4484,3054
1879,3,0,7541,4484,3057
1880,4,0,7545,4484,3061
1881,4,0,7549,4484,3065
1882,4,0,7553,4484,3069
1883,5,0,7558,4484,3074
1884,3,0,7561,4484,3077
1885,4,0,7565,4484,3081
1886,3,0,7568,4484,3084
1887,4,0,7572,4484,3088
1888,4,0,7576,4484,3092
1889,6,0,7582,4484,3098
1890,3,0,7585,4484,3101
1891,5,0,7590,4484,3106
1892,2,0,7592,4484,3108
1893,6,0,7598,4484,3114
1894,5,0,7603,4484,3119
1895,2,0,7605,4484,3121
1896,4,0,7609,4484,3125
1897,3,0,7612,4484,3128
1898,4,0,7616,4484,3132
1899,5,0,7621,4484,3137
1900,4,0,7625,4484,3141
1901,4,0,7629,4484,3145
1902,4,0,7633,4484,3149
1903,4,0,7637,4484,3153
1904,3,0,7640,4484,3156
1905,5,0,7645,4484,3161
1906,5,0,7650,4484,3166
1907,3,0,7653,4484,3169
1908,3,0,7656,4484,3172
1909,4,0,7660,4484,3176
1910,7,0,7667,4484,3183
1911,2,0,7669,4484,3185
1912,4,0,7673,4484,3189
1913,6,0,7679,4484,3195
1914,3,0,7682,4484,3198
1915,4,0,7686,4484,3202
1916,3,0,7689,4484,3205
1917,3,0,7692,4484,3208
1918,6,0,7698,4484,3214
1919,5,0,7703,4484,3219
1920,3,0,7706,4484,3222
1921,3,0,7709,4484,3225
1922,4,0,7713,4484,3229
1923,2,0,7715,4484,3231
1924,7,0,7722,4484,3238
1925,2,0,7724,4484,3240
1926,5,0,7729,4484,3245
1927,4,0,7733,4484,3249
1928,6,0,7739,4484,3255
1929,3,0,7742,4484,3258
1930,3,0,7745,4484,3261
1931,5,0,7750,4484,3266
1933,8,0,7758,4484,3274
1934,2,0,7760,4484,3276
1935,5,0,7765,4484,3281
1936,4,0,7769,4484,3285
1937,6,0,7775,4484,3291
1938,3,0,7778,4484,3294
1939,5,0,7783,4484,3299
1940,2,0,7785,4484,3301
1941,4,0,7789,4484,3305
1942,7,0,7796,4484,3312
1943,3,0,7799,4484,3315
1944,2,0,7801,4484,3317
1945,4,0,7805,4484,3321
1946,5,0,7810,4484,3326
1947,6,0,7816,4484,3332
1948,2,0,7818,4484,3334
1949,3,0,7821,4484,3337
1950,3,0,7824,4484,3340
1951,3,0,7827,4484,3343
1952,3,0,7830,4484,3346
1953,5,0,7835,4484,3351
1954,6,0,7841,4484,3357
1955,3,0,7844,4484,3360
1956,6,0,7850,4484,3366
1957,4,0,7854,4484,3370
1958,3,0,7857,4484,3373
1959,3,0,7860,4484,3376
1960,6,0,7866,4484,3382
1961,4,0,7870,4484,3386
1962,4,0,7874,4484,3390
1963,2,0,7876,4484,3392
1964,5,0,7881,4484,3397
1965,4,0,7885,4484,3401
1966,4,0,7889,4484,3405
1967,3,0,7892,4484,3408
1968,5,0,7897,4484,3413
1969,5,0,7902,4484,3418
1970,5,0,7907,4484,3423
1971,4,0,7911,4484,3427
1972,2,0,7913,4484,3429
1973,3,0,7916,4484,3432
1974,5,0,7921,4484,3437
1975,4,0,7925,4484,3441
1976,5,0,7930,4484,3446
1977,2,0,7932,4484,3448
1978,4,0,7936,4484,3452
1979,7,0,7943,4484,3459
1980,3,0,7946,4484,3462
1981,2,0,7948,4484,3464
1982,5,0,7953,4484,3469
1983,5,0,7958,4484,3474
1984,5,0,7963,4484,3479
1985,2,0,7965,4484,3481
1986,4,0,7969,4484,3485
1987,5,0,7974,4484,3490
1988,3,0,7977,4484,3493
1989,6,0,7983,4484,3499
1990,4,0,7987,4484,3503
1991,2,0,7989,4484,3505
1992,4,0,7993,4484,3509
1993,4,0,7997,4484,3513
1994,4,0,8001,4484,3517
1995,7,0,8008,4484,3524
1996,1,0,8009,4484,3525
1997,4,0,8013,4484,3529
1998,4,0,8017,4484,3533
1999,2,0,8019,4484,3535
2000,5,0,8024,4484,3540
2001,2,0,8026,4484,3542
2002,9,0,8035,4484,3551
2003,4,0,8039,4484,3555
2004,4,0,8043,4484,3559
2005,4,0,8047,4484,3563
2006,1,0,8048,4484,3564
2007,6,0,8054,4484,3570
2008,3,0,8057,4484,3573
2009,7,0,8064,4484,3580
2010,2,0,8066,4484,3582
2011,3,0,8069,4484,3585
2012,4,0,8073,4484,3589
2013,6,0,8079,4484,3595
2014,3,0,8082,4484,3598
2015,2,0,8084,4484,3600
2016,5,0,8089,4484,3605
2017,4,0,8093,4484,3609
2018,5,0,8098,4484,3614
2019,2,0,8100,4484,3616
2020,2,0,8102,4484,3618
2021,5,0,8107,4484,3623
2022,5,0,8112,4484,3628
2023,4,0,8116,4484,3632
2024,3,0,8119,4484,3635
2025,3,0,8122,4484,3638
2026,4,0,8126,4484,3642
2027,3,0,8129,4484,3645
2028,5,0,8134,4484,3650
2029,3,0,8137,4484,3653
2030,5,0,8142,4484,3658
2031,5,0,8147,4484,3663
2032,2,0,8149,4484,3665
2033,5,0,8154,4484,3670
2034,4,0,8158,4484,3674
2035,6,0,8164,4484,3680
2036,2,0,8166,4484,3682
2037,3,0,8169,4484,3685
2038,3,0,8172,4484,3688
2039,5,0,8177,4484,3693
2040,5,0,8182,4484,3698
2041,6,0,8188,4484,3704
2042,3,0,8191,4484,3707
2043,3,0,8194,4484,3710
2044,6,0,8200,4484,3716
2045,3,0,8203,4484,3719
2046,5,0,8208,4484,3724
2047,3,0,8211,4484,3727
2048,4,0,8215,4484,3731
2049,4,0,8219,4484,3735
2050,3,0,8222,4484,3738
2051,5,0,8227,4484,3743
2052,2,0,8229,4484,3745
2053,7,0,8236,4484,3752
2054,2,0,8238,4484,3754
2055,1,0,8239,4484,3755
2056,5,0,8244,4484,3760
2057,6,0,8250,4484,3766
2058,3,0,8253,4484,3769
2059,9,0,8262,4484,3778
2060,2,0,8264,4484,3780
2061,3,0,8267,4484,3783
2062,3,0,8270,4484,3786
2063,3,0,8273,4484,3789
2064,3,0,8276,4484,3792
2065,7,0,8283,4484,3799
2066,2,0,8285,4484,3801
2067,4,0,8289,4484,3805
2068,7,0,8296,4484,3812
2069,3,0,8299,4484,3815
2070,2,0,8301,4484,3817
2071,5,0,8306,4484,3822
2072,3,0,8309,4484,3825
2073,4,0,8313,4484,3829
2074,6,0,8319,4484,3835
2075,2,0,8321,4484,3837
2076,3,0,8324,4484,3840
2077,5,0,8329,4484,3845
2078,4,0,8333,4484,3849
2079,3,0,8336,4484,3852
2080,4,0,8340,4484,3856
2081,5,0,8345,4484,3861
2082,4,0,8349,4484,3865
2083,5,0,8354,4484,3870
2084,4,0,8358,4484,3874
2085,6,0,8364,4484,3880
2086,3,0,8367,4484,3883
2087,2,0,8369,4484,3885
2088,2,0,8371,4484,3887
2089,6,0,8377,4484,3893
2090,6,0,8383,4484,3899
2091,4,0,8387,4484,3903
2092,3,0,8390,4484,3906
2093,5,0,8395,4484,3911
2094,1,0,8396,4484,3912
2095,7,0,8403,4484,3919
2096,2,0,8405,4484,3921
2097,5,0,8410,4484,3926
2098,4,0,8414,4484,3930
2099,3,0,8417,4484,3933
2100,5,0,8422,4484,3938
2101,4,0,8426,4484,3942
2102,3,0,8429,4484,3945
2103,3,0,8432,4484,3948
2104,4,0,8436,4484,3952
2105,4,0,8440,4484,3956
2106,5,0,8445,4484,3961
2107,5,0,8450,4484,3966
2108,3,0,8453,4484,3969
2109,4,0,8457,4484,3973
2110,2,0,8459,4484,3975
2111,6,0,8465,4484,3981
2112,4,0,8469,4484,3985
2113,4,0,8473,4484,3989
2114,3,0,8476,4484,3992
2115,4,0,8480,4484,3996
2116,4,0,8484,4484,4000
2117,7,0,8491,4484,4007
2118,3,0,8494,4484,4010
2119,5,0,8499,4484,4015
2120,1,0,8500,4484,4016
2121,6,0,8506,4484,4022
2122,4,0,8510,4484,4026
2123,3,0,8513,4484,4029
2124,6,0,8519,4484,4035
2125,5,0,8524,4484,4040
2126,3,0,8527,4484,4043
2127,1,0,8528,4484,4044
2128,6,0,8534,4484,4050
2129,4,0,8538,4484,4054
2130,4,0,8542,4484,4058
2131,2,0,8544,4484,4060
2132,5,0,8549,4484,4065
2133,7,0,8556,4484,4072
2134,4,0,8560,4484,4076
2136,6,0,8566,4484,4082
2137,5,0,8571,4484,4087
2138,1,0,8572,4484,4088
2139,7,0,8579,4484,4095
2140,1,0,8580,4484,4096
2141,3,0,8583,4484,4099
2142,7,0,8590,4484,4106
2143,4,0,8594,4484,4110
2144,4,0,8598,4484,4114
2145,3,0,8601,4484,4117
2146,3,0,8604,4484,4120
2147,4,0,8608,4484,4124
2148,7,0,8615,4484,4131
2149,4,0,8619,4484,4135
2150,3,0,8622,4484,4138
2151,5,0,8627,4484,4143
2152,5,0,8632,4484,4148
2153,3,0,8635,4484,4151
2154,3,0,8638,4484,4154
2155,4,0,8642,4484,4158
2156,3,0,8645,4484,4161
2157,4,0,8649,4484,4165
2158,2,0,8651,4484,4167
2159,7,0,8658,4484,4174
2160,6,0,8664,4484,4180
2161,3,0,8667,4484,4183
2162,3,0,8670,4484,4186
2163,3,0,8673,4484,4189
2164,4,0,8677,4484,4193
2165,6,0,8683,4484,4199
2166,2,0,8685,4484,4201
2167,2,0,8687,4484,4203
2168,5,0,8692,4484,4208
2169,6,0,8698,4484,4214
2170,2,0,8700,4484,4216
2171,6,0,8706,4484,4222
2172,3,0,8709,4484,4225
2173,5,0,8714,4484,4230
2174,4,0,8718,4484,4234
2175,4,0,8722,4484,4238
2176,3,0,8725,4484,4241
2177,6,0,8731,4484,4247
2178,6,0,8737,4484,4253
2179,4,0,8741,4484,4257
2180,2,0,8743,4484,4259
2181,1,0,8744,4484,4260
2182,5,0,8749,4484,4265
2183,4,0,8753,4484,4269
2184,5,0,8758,4484,4274
2185,2,0,8760,4484,4276
2186,6,0,8766,4484,4282
2187,5,0,8771,4484,4287
2188,3,0,8774,4484,4290
2189,3,0,8777,4484,4293
2190,4,0,8781,4484,4297
2191,7,0,8788,4484,4304
2192,3,0,8791,4484,4307
2193,2,0,8793,4484,4309
2194,5,0,8798,4484,4314
2195,3,0,8801,4484,4317
2196,7,0,8808,4484,4324
2198,4,0,8812,4484,4328
2199,6,0,8818,4484,4334
2200,4,0,8822,4484,4338
2201,4,0,8826,4484,4342
2202,2,0,8828,4484,4344
2203,4,0,8832,4484,4348
2204,5,0,8837,4484,4353
2205,4,0,8841,4484,4357
2206,4,0,8845,4484,4361
2207,3,0,8848,4484,4364
2208,4,0,8852,4484,4368
2209,6,0,8858,4484,4374
2210,2,0,8860,4484,4376
2211,5,0,8865,4484,4381
2212,5,0,8870,4484,4386
2213,2,0,8872,4484,4388
2214,5,0,8877,4484,4393
2215,5,0,8882,4484,4398
2216,2,0,8884,4484,4400
2217,5,0,8889,4484,4405
2218,4,0,8893,4484,4409
2219,4,0,8897,4484,4413
2220,5,0,8902,4484,4418
2221,2,0,8904,4484,4420
2222,6,0,8910,4484,4426
2223,3,0,8913,4484,4429
2224,5,0,8918,4484,4434
2225,4,0,8922,4484,4438
2226,3,0,8925,4484,4441
2227,4,0,8929,4484,4445
2228,5,0,8934,4484,4450
2229,5,0,8939,4484,4455
2230,2,0,8941,4484,4457
2231,4,0,8945,4484,4461
2232,1,0,8946,4484,4462
2233,5,0,8951,4484,4467
2234,8,0,8959,4484,4475
2235,2,0,8961,4484,4477
2236,6,0,8967,4484,4483
2237,3,0,8970,4484,4486
2238,2,0,8972,4484,4488
2239,4,0,8976,4484,4492
2240,3,0,8979,4484,4495
2241,7,0,8986,4484,4502
2242,6,0,8992,4484,4508
2243,2,0,8994,4484,4510
2244,5,0,8999,4484,4515
2245,3,0,9002,4484,4518
2246,2,0,9004,4484,4520
2247,4,0,9008,4484,4524
2248,6,0,9014,4484,4530
2249,4,0,9018,4484,4534
2250,5,0,9023,4484,4539
2251,5,0,9028,4484,4544
2252,3,0,9031,4484,4547
2253,3,0,9034,4484,4550
2254,4,0,9038,4484,4554
2255,3,0,9041,4484,4557
2256,5,0,9046,4484,4562
2257,5,0,9051,4484,4567
2258,3,0,9054,4484,4570
2259,4,0,9058,4484,4574
2260,6,0,9064,4484,4580
2261,2,0,9066,4484,4582
2262,4,0,9070,4484,4586
2263,3,0,9073,4484,4589
2264,5,0,9078,4484,4594
2265,2,0,9080,4484,4596
2266,6,0,9086,4484,4602
2267,4,0,9090,4484,4606
2268,6,0,9096,4484,4612
2269,3,0,9099,4484,4615
2270,3,0,9102,4484,4618
2271,4,0,9106,4484,4622
2272,5,0,9111,4484,4627
2273,4,0,9115,4484,4631
2274,3,0,9118,4484,4634
2275,3,0,9121,4484,4637
2276,5,0,9126,4484,4642
2277,3,0,9129,4484,4645
2278,4,0,9133,4484,4649
2279,4,0,9137,4484,4653
2280,4,0,9141,4484,4657
2281,3,0,9144,4484,4660
2282,4,0,9148,4484,4664
2283,6,0,9154,4484,4670
2284,6,0,9160,4484,4676
2285,2,0,9162,4484,4678
2286,2,0,9164,4484,4680
2287,5,0,9169,4484,4685
2288,5,0,9174,4484,4690
2289,3,0,9177,4484,4693
2290,4,0,9181,4484,4697
2291,2,0,9183,4484,4699
2292,5,0,9188,4484,4704
2293,5,0,9193,4484,4709
2294,5,0,9198,4484,4714
2295,4,0,9202,4484,4718
2296,3,0,9205,4484,4721
2297,5,0,9210,4484,4726
2298,4,0,9214,4484,4730
2299,6,0,9220,4484,4736
2300,1,0,9221,4484,4737
2301,2,0,9223,4484,4739
2302,5,0,9228,4484,4744
2303,5,0,9233,4484,4749
2304,6,0,9239,4484,4755
2305,1,0,9240,4484,4756
2306,4,0,9244,4484,4760
2307,7,0,9251,4484,4767
2308,3,0,9254,4484,4770
2309,4,0,9258,4484,4774
2310,5,0,9263,4484,4779
2311,3,0,9266,4484,4782
2312,2,0,9268,4484,4784
2313,4,0,9272,4484,4788
2314,5,0,9277,4484,4793
2315,5,0,9282,4484,4798
2316,5,0,9287,4484,4803
2317,2,0,9289,4484,4805
2318,4,0,9293,4484,4809
2319,4,0,9297,4484,4813
2320,6,0,9303,4484,4819
2321,2,0,9305,4484,4821
2322,6,0,9311,4484,4827
2323,3,0,9314,4484,4830
2324,4,0,9318,4484,4834
2325,2,0,9320,4484,4836
2326,5,0,9325,4484,4841
2327,3,0,9328,4484,4844
2328,5,0,9333,4484,4849
2329,3,0,9336,4484,4852
2330,3,0,9339,4484,4855
2331,5,0,9344,4484,4860
2332,5,0,9349,4484,4865
2333,4,0,9353,4484,4869
2334,3,0,9356,4484,4872
2335,6,0,9362,4484,4878
2336,6,0,9368,4484,4884
2337,3,0,9371,4484,4887
2338,3,0,9374,4484,4890
2339,4,0,9378,4484,4894
2340,4,0,9382,4484,4898
2341,3,0,9385,4484,4901
2342,5,0,9390,4484,4906
2343,4,0,9394,4484,4910
2344,3,0,9397,4484,4913
2345,5,0,9402,4484,4918
2346,3,0,9405,4484,4921
2347,5,0,9410,4484,4926
2348,4,0,9414,4484,4930
2349,5,0,9419,4484,4935
2350,1,0,9420,4484,4936
2351,4,0,9424,4484,4940
2352,5,0,9429,4484,4945
2353,3,0,9432,4484,4948
2354,4,0,9436,4484,4952
2355,5,0,9441,4484,4957
2356,2,0,9443,4484,4959
2357,4,0,9447,4484,4963
2358,5,0,9452,4484,4968
2359,5,0,9457,4484,4973
2360,6,0,9463,4484,4979
2361,3,0,9466,4484,4982
2362,3,0,9469,4484,4985
2363,2,0,9471,4484,4987
2364,6,0,9477,4484,4993
2365,2,0,9479,4484,4995
2366,3,0,9482,4484,4998
2367,6,0,9488,4484,5004
2368,4,0,9492,4484,5008
2369,4,0,9496,4484,5012
2370,3,0,9499,4484,5015
2371,7,0,9506,4484,5022
2372,3,0,9509,4484,5025
2373,6,0,9515,4484,5031
2374,2,0,9517,4484,5033
2375,3,0,9520,4484,5036
2376,4,0,9524,4484,5040
2377,4,0,9528,4484,5044
2378,4,0,9532,4484,5048
2379,5,0,9537,4484,5053
2380,4,0,9541,4484,5057
2381,5,0,9546,4484,5062
2382,5,0,9551,4484,5067
2383,6,0,9557,4484,5073
2384,1,0,9558,4484,5074
2385,5,0,9563,4484,5079
2386,5,0,9568,4484,5084
2387,4,0,9572,4484,5088
2388,4,0,9576,4484,5092
2389,2,0,9578,4484,5094
2390,2,0,9580,4484,5096
2391,6,0,9586,4484,5102
2392,4,0,9590,4484,5106
2393,3,0,9593,4484,5109
2394,5,0,9598,4484,5114
2395,4,0,9602,4484,5118
2396,6,0,9608,4484,5124
2397,2,0,9610,4484,5126
2398,3,0,9613,4484,5129
2399,2,0,9615,4484,5131
2400,5,0,9620,4484,5136
2401,7,0,9627,4484,5143
2402,4,0,9631,4484,5147
2403,3,0,9634,4484,5150
2404,5,0,9639,4484,5155
2405,4,0,9643,4484,5159
2406,2,0,9645,4484,5161
2407,5,0,9650,4484,5166
2408,2,0,9652,4484,5168
2409,6,0,9658,4484,5174
2410,2,0,9660,4484,5176
2411,5,0,9665,4484,5181
2412,5,0,9670,4484,5186
2413,5,0,9675,4484,5191
2414,1,0,9676,4484,5192
2415,4,0,9680,4484,5196
2416,6,0,9686,4484,5202
2417,5,0,9691,4484,5207
2419,6,0,9697,4484,5213
2420,5,0,9702,4484,5218
2421,4,0,9706,4484,5222
2422,4,0,9710,4484,5226
2423,5,0,9715,4484,5231
2424,2,0,9717,4484,5233
2425,5,0,9722,4484,5238
2426,5,0,9727,4484,5243
2427,3,0,9730,4484,5246
2428,3,0,9733,4484,5249
2429,4,0,9737,4484,5253
2430,6,0,9743,4484,5259
2431,3,0,9746,4484,5262
2432,4,0,9750,4484,5266
2433,2,0,9752,4484,5268
2434,4,0,9756,4484,5272
2435,5,0,9761,4484,5277
2436,6,0,9767,4484,5283
2437,1,0,9768,4484,5284
2438,4,0,9772,4484,5288
2439,8,0,9780,4484,5296
2440,3,0,9783,4484,5299
2441,4,0,9787,4484,5303
2442,4,0,9791,4484,5307
2443,3,0,9794,4484,5310
2444,4,0,9798,4484,5314
2445,3,0,9801,4484,5317
2446,4,0,9805,4484,5321
2447,7,0,9812,4484,5328
2448,2,0,9814,4484,5330
2449,4,0,9818,4484,5334
2450,5,0,9823,4484,5339
2451,2,0,9825,4484,5341
2452,5,0,9830,4484,5346
2453,5,0,9835,4484,5351
2454,1,0,9836,4484,5352
2455,5,0,9841,4484,5357
2456,4,0,9845,4484,5361
2457,4,0,9849,4484,5365
2458,5,0,9854,4484,5370
2459,3,0,9857,4484,5373
2460,3,0,9860,4484,5376
2461,6,0,9866,4484,5382
2462,5,0,9871,4484,5387
2463,1,0,9872,4484,5388
2464,5,0,9877,4484,5393
2465,4,0,9881,4484,5397
2466,5,0,9886,4484,5402
2467,3,0,9889,4484,5405
2468,3,0,9892,4484,5408
2469,5,0,9897,4484,5413
2470,4,0,9901,4484,5417
2471,3,0,9904,4484,5420
2472,5,0,9909,4484,5425
2473,4,0,9913,4484,5429
2474,3,0,9916,4484,5432
2475,6,0,9922,4484,5438
2476,3,0,9925,4484,5441
2477,5,0,9930,4484,5446
2478,3,0,9933,4484,5449
2479,5,0,9938,4484,5454
2480,4,0,9942,4484,5458
2481,5,0,9947,4484,5463
2482,4,0,9951,4484,5467
2483,2,0,9953,4484,5469
2484,7,0,9960,4484,5476
2485,4,0,9964,4484,5480
2487,5,0,9969,4484,5485
2488,5,0,9974,4484,5490
2489,3,0,9977,4484,5493
2490,4,0,9981,4484,5497
2491,5,0,9986,4484,5502
2492,5,0,9991,4484,5507
2493,2,0,9993,4484,5509
2494,6,0,9999,4484,5515
2495,3,0,10002,4484,5518
2496,2,0,10004,4484,5520
2497,4,0,10008,4484,5524
2498,8,0,10016,4484,5532
2499,1,0,10017,4484,5533
2500,5,0,10022,4484,5538
2501,3,0,10025,4484,5541
2502,3,0,10028,4484,5544
2503,4,0,10032,4484,5548
2504,5,0,10037,4484,5553
2505,4,0,10041,4484,5557
2506,4,0,10045,4484,5561
2507,2,0,10047,4484,5563
2508,7,0,10054,4484,5570
2509,4,0,10058,4484,5574
2510,1,0,10059,4484,5575
2511,5,0,10064,4484,5580
2512,3,0,10067,4484,5583
2513,7,0,10074,4484,5590
2514,3,0,10077,4484,5593
2515,5,0,10082,4484,5598
2516,4,0,10086,4484,5602
2517,4,0,10090,4484,5606
2518,7,0,10097,4484,5613
2519,2,0,10099,4484,5615
2520,2,0,10101,4484,5617
2521,6,0,10107,4484,5623
2522,4,0,10111,4484,5627
2523,3,0,10114,4484,5630
2524,6,0,10120,4484,5636
2525,2,0,10122,4484,5638
2526,3,0,10125,4484,5641
2527,4,0,10129,4484,5645
2528,4,0,10133,4484,5649
2529,5,0,10138,4484,5654
2530,1,0,10139,4484,5655
2531,5,0,10144,4484,5660
2532,5,0,10149,4484,5665
2533,5,0,10154,4484,5670
2534,4,0,10158,4484,5674
2535,3,0,10161,4484,5677
2536,8,0,10169,4484,5685
2537,2,0,10171,4484,5687
2538,3,0,10174,4484,5690
2539,2,0,10176,4484,5692
2540,5,0,10181,4484,5697
2541,7,0,10188,4484,5704
2542,2,0,10190,4484,5706
2543,4,0,10194,4484,5710
2544,4,0,10198,4484,5714
2545,3,0,10201,4484,5717
2546,4,0,10205,4484,5721
2547,6,0,10211,4484,5727
2549,5,0,10216,4484,5732
2550,7,0,10223,4484,5739
2551,2,0,10225,4484,5741
2552,3,0,10228,4484,5744
2553,5,0,10233,4484,5749
2554,5,0,10238,4484,5754
2555,6,0,10244,4484,5760
2556,3,0,10247,4484,5763
2557,5,0,10252,4484,5768
2558,2,0,10254,4484,5770
2559,3,0,10257,4484,5773
2560,3,0,10260,4484,5776
2561,5,0,10265,4484,5781
2562,4,0,10269,4484,5785
2563,2,0,10271,4484,5787
2564,9,0,10280,4484,5796
2565,1,0,10281,4484,5797
2566,4,0,10285,4484,5801
2567,5,0,10290,4484,5806
2568,4,0,10294,4484,5810
2570,6,0,10300,4484,5816
2571,6,0,10306,4484,5822
2572,4,0,10310,4484,5826
2573,2,0,10312,4484,5828
2574,5,0,10317,4484,5833
2575,6,0,10323,4484,5839
2576,4,0,10327,4484,5843
2577,3,0,10330,4484,5846
2578,4,0,10334,4484,5850
2579,2,0,10336,4484,5852
2580,5,0,10341,4484,5857
2581,6,0,10347,4484,5863
2582,3,0,10350,4484,5866
2583,4,0,10354,4484,5870
2584,3,0,10357,4484,5873
2585,4,0,10361,4484,5877
2586,7,0,10368,4484,5884
2587,4,0,10372,4484,5888
2588,1,0,10373,4484,5889
2589,3,0,10376,4484,5892
2590,5,0,10381,4484,5897
2591,5,0,10386,4484,5902
2592,2,0,10388,4484,5904
2593,5,0,10393,4484,5909
2594,3,0,10396,4484,5912
2595,5,0,10401,4484,5917
2596,4,0,10405,4484,5921
2597,3,0,10408,4484,5924
2598,4,0,10412,4484,5928
2599,7,0,10419,4484,5935
2600,3,0,10422,4484,5938
2601,2,0,10424,4484,5940
2602,5,0,10429,4484,5945
2603,4,0,10433,4484,5949
2604,7,0,10440,4484,5956
2605,3,0,10443,4484,5959
2606,2,0,10445,4484,5961
2607,6,0,10451,4484,5967
2608,2,0,10453,4484,5969
2609,4,0,10457,4484,5973
2610,5,0,10462,4484,5978
2611,3,0,10465,4484,5981
2612,4,0,10469,4484,5985
2613,3,0,10472,4484,5988
2614,4,0,10476,4484,5992
2615,5,0,10481,4484,5997
2616,5,0,10486,4484,6002
2617,8,0,10494,4484,6010
2618,1,0,10495,4484,6011
2619,1,0,10496,4484,6012
2620,4,0,10500,4484,6016
2621,6,0,10506,4484,6022
2622,4,0,10510,4484,6026
2623,4,0,10514,4484,6030
2624,3,0,10517,4484,6033
2625,6,0,10523,4484,6039
2626,3,0,10526,4484,6042
2627,3,0,10529,4484,6045
2628,7,0,10536,4484,6052
2629,2,0,10538,4484,6054
2630,1,0,10539,4484,6055
2631,7,0,10546,4484,6062
2632,5,0,10551,4484,6067
2633,3,0,10554,4484,6070
2634,5,0,10559,4484,6075
2635,1,0,10560,4484,6076
2636,3,0,10563,4484,6079
2637,7,0,10570,4484,6086
2638,4,0,10574,4484,6090
2639,4,0,10578,4484,6094
2640,4,0,10582,4484,6098
2641,4,0,10586,4484,6102
2642,3,0,10589,4484,6105
2643,4,0,10593,4484,6109
2644,3,0,10596,4484,6112
2645,6,0,10602,4484,6118
2646,4,0,10606,4484,6122
2647,5,0,10611,4484,6127
2648,3,0,10614,4484,6130
2649,6,0,10620,4484,6136
2650,1,0,10621,4484,6137
2651,3,0,10624,4484,6140
2652,7,0,10631,4484,6147
2653,2,0,10633,4484,6149
2654,3,0,10636,4484,6152
2655,5,0,10641,4484,6157
2656,4,0,10645,4484,6161
2657,4,0,10649,4484,6165
2658,5,0,10654,4484,6170
2659,3,0,10657,4484,6173
2660,6,0,10663,4484,6179
2661,2,0,10665,4484,6181
2662,5,0,10670,4484,6186
2663,5,0,10675,4484,6191
2664,3,0,10678,4484,6194
2665,3,0,10681,4484,6197
2666,2,0,10683,4484,6199
2667,5,0,10688,4484,6204
2668,6,0,10694,4484,6210
2669,5,0,10699,4484,6215
2670,4,0,10703,4484,6219
2671,4,0,10707,4484,6223
2672,4,0,10711,4484,6227
2673,4,0,10715,4484,6231
2674,2,0,10717,4484,6233
2675,5,0,10722,4484,6238
2676,2,0,10724,4484,6240
2677,4,0,10728,4484,6244
2678,5,0,10733,4484,6249
2679,5,0,10738,4484,6254
2680,3,0,10741,4484,6257
2681,3,0,10744,4484,6260
2682,4,0,10748,4484,6264
2683,7,0,10755,4484,6271
2684,1,0,10756,4484,6272
2685,7,0,10763,4484,6279
2686,5,0,10768,4484,6284
2687,2,0,10770,4484,6286
2688,3,0,10773,4484,6289
2689,5,0,10778,4484,6294
2690,5,0,10783,4484,6299
2691,3,0,10786,4484,6302
2692,4,0,10790,4484,6306
2693,4,0,10794,4484,6310
2694,4,0,10798,4484,6314
2695,4,0,10802,4484,6318
2696,3,0,10805,4484,6321
2697,2,0,10807,4484,6323
2698,8,0,10815,4484,6331
2699,3,0,10818,4484,6334
2700,5,0,10823,4484,6339
2701,2,0,10825,4484,6341
2702,5,0,10830,4484,6346
2703,3,0,10833,4484,6349
2704,3,0,10836,4484,6352
2705,4,0,10840,4484,6356
2706,3,0,10843,4484,6359
2707,5,0,10848,4484,6364
2708,4,0,10852,4484,6368
2709,7,0,10859,4484,6375
2710,3,0,10862,4484,6378
2711,2,0,10864,4484,6380
2712,5,0,10869,4484,6385
2713,3,0,10872,4484,6388
2714,8,0,10880,4484,6396
2715,4,0,10884,4484,6400
2716,2,0,10886,4484,6402
2717,2,0,10888,4484,6404
2718,6,0,10894,4484,6410
2719,3,0,10897,4484,6413
2720,5,0,10902,4484,6418
2721,2,0,10904,4484,6420
2722,5,0,10909,4484,6425
2723,4,0,10913,4484,6429
2724,5,0,10918,4484,6434
2725,2,0,10920,4484,6436
2726,5,0,10925,4484,6441
2727,5,0,10930,4484,6446
2728,4,0,10934,4484,6450
2729,4,0,10938,4484,6454
2730,3,0,10941,4484,6457
2731,4,0,10945,4484,6461
2732,3,0,10948,4484,6464
2733,4,0,10952,4484,6468
2734,6,0,10958,4484,6474
2735,4,0,10962,4484,6478
2736,5,0,10967,4484,6483
2737,3,0,10970,4484,6486
2738,2,0,10972,4484,6488
2739,3,0,10975,4484,6491
2740,3,0,10978,4484,6494
2741,5,0,10983,4484,6499
2742,6,0,10989,4484,6505
2743,7,0,10996,4484,6512
2744,4,0,11000,4484,6516
2745,2,0,11002,4484,6518
2746,2,0,11004,4484,6520
2747,2,0,11006,4484,6522
2748,6,0,11012,4484,6528
2749,4,0,11016,4484,6532
2750,3,0,11019,4484,6535
2751,6,0,11025,4484,6541
2752,3,0,11028,4484,6544
2753,5,0,11033,4484,6549
2754,5,0,11038,4484,6554
2755,5,0,11043,4484,6559
2756,2,0,11045,4484,6561
2757,3,0,11048,4484,6564
2758,3,0,11051,4484,6567
2759,4,0,11055,4484,6571
2760,6,0,11061,4484,6577
2761,2,0,11063,4484,6579
2762,7,0,11070,4484,6586
2764,6,0,11076,4484,6592
2765,4,0,11080,4484,6596
2766,5,0,11085,4484,6601
2767,4,0,11089,4484,6605
2768,1,0,11090,4484,6606
2769,6,0,11096,4484,6612
2770,4,0,11100,4484,6616
2771,4,0,11104,4484,6620
2772,5,0,11109,4484,6625
2773,2,0,11111,4484,6627
2774,4,0,11115,4484,6631
2775,5,0,11120,4484,6636
2776,5,0,11125,4484,6641
2777,2,0,11127,4484,6643
2778,5,0,11132,4484,6648
2779,4,0,11136,4484,6652
2780,5,0,11141,4484,6657
2781,2,0,11143,4484,6659
2782,6,0,11149,4484,6665
2783,2,0,11151,4484,6667
2784,5,0,11156,4484,6672
2785,5,0,11161,4484,6677
2786,4,0,11165,4484,6681
2787,3,0,11168,4484,6684
2788,2,0,11170,4484,6686
2789,6,0,11176,4484,6692
2790,1,0,11177,4484,6693
2791,8,0,11185,4484,6701
2792,3,0,11188,4484,6704
2793,3,0,11191,4484,6707
2794,4,0,11195,4484,6711
2795,4,0,11199,4484,6715
2796,7,0,11206,4484,6722
2797,3,0,11209,4484,6725
2798,2,0,11211,4484,6727
2799,5,0,11216,4484,6732
2800,6,0,11222,4484,6738
2801,4,0,11226,4484,6742
2802,1,0,11227,4484,6743
2803,4,0,11231,4484,6747
2804,3,0,11234,4484,6750
2805,5,0,11239,4484,6755
2806,6,0,11245,4484,6761
2807,4,0,11249,4484,6765
2808,5,0,11254,4484,6770
2809,5,0,11259,4484,6775
2810,3,0,11262,4484,6778
2811,2,0,11264,4484,6780
2812,4,0,11268,4484,6784
2813,4,0,11272,4484,6788
2814,5,0,11277,4484,6793
2815,4,0,11281,4484,6797
2816,3,0,11284,4484,6800
2817,1,0,11285,4484,6801
2818,7,0,11292,4484,6808
2819,4,0,11296,4484,6812
2820,4,0,11300,4484,6816
2821,3,0,11303,4484,6819
2822,4,0,11307,4484,6823
2823,6,0,11313,4484,6829
2824,4,0,11317,4484,6833
2825,5,0,11322,4484,6838
2826,3,0,11325,4484,6841
2827,2,0,11327,4484,6843
2828,4,0,11331,4484,6847
2829,7,0,11338,4484,6854
2830,2,0,11340,4484,6856
2831,3,0,11343,4484,6859
2832,5,0,11348,4484,6864
2833,5,0,11353,4484,6869
2834,4,0,11357,4484,6873
2835,2,0,11359,4484,6875
2836,4,0,11363,4484,6879
2837,4,0,11367,4484,6883
2838,3,0,11370,4484,6886
2839,7,0,11377,4484,6893
2840,5,0,11382,4484,6898
2841,3,0,11385,4484,6901
2842,3,0,11388,4484,6904
2843,4,0,11392,4484,6908
2844,3,0,11395,4484,6911
2845,3,0,11398,4484,6914
2846,7,0,11405,4484,6921
2847,2,0,11407,4484,6923
2848,3,0,11410,4484,6926
2849,7,0,11417,4484,6933
2850,2,0,11419,4484,6935
2851,3,0,11422,4484,6938
2852,4,0,11426,4484,6942
2853,6,0,11432,4484,6948
2854,4,0,11436,4484,6952
2855,5,0,11441,4484,6957
2856,7,0,11448,4484,6964
2857,1,0,11449,4484,6965
2858,4,0,11453,4484,6969
2859,3,0,11456,4484,6972
2860,8,0,11464,4484,6980
2861,2,0,11466,4484,6982
2862,3,0,11469,4484,6985
2863,4,0,11473,4484,6989
2864,5,0,11478,4484,6994
2865,2,0,11480,4484,6996
2866,4,0,11484,4484,7000
2867,5,0,11489,4484,7005
2868,5,0,11494,4484,7010
2869,4,0,11498,4484,7014
2870,2,0,11500,4484,7016
2871,4,0,11504,4484,7020
2872,5,0,11509,4484,7025
2873,4,0,11513,4484,7029
2874,6,0,11519,4484,7035
2875,1,0,11520,4484,7036
2876,5,0,11525,4484,7041
2877,4,0,11529,4484,7045
2878,3,0,11532,4484,7048
2879,4,0,11536,4484,7052
2880,6,0,11542,4484,7058
2881,2,0,11544,4484,7060
2882,2,0,11546,4484,7062
2883,6,0,11552,4484,7068
2884,4,0,11556,4484,7072
2885,5,0,11561,4484,7077
2886,4,0,11565,4484,7081
2887,6,0,11571,4484,7087
2888,3,0,11574,4484,7090
2889,2,0,11576,4484,7092
2890,3,0,11579,4484,7095
2891,5,0,11584,4484,7100
2892,2,0,11586,4484,7102
2893,5,0,11591,4484,7107
2894,4,0,11595,4484,7111
2895,6,0,11601,4484,7117
2896,5,0,11606,4484,7122
2897,3,0,11609,4484,7125
2898,3,0,11612,4484,7128
2899,6,0,11618,4484,7134
2900,3,0,11621,4484,7137
2901,4,0,11625,4484,7141
2902,4,0,11629,4484,7145
2903,4,0,11633,4484,7149
2904,5,0,11638,4484,7154
2905,5,0,11643,4484,7159
2906,2,0,11645,4484,7161
2907,3,0,11648,4484,7164
2908,6,0,11654,4484,7170
2909,2,0,11656,4484,7172
2910,5,0,11661,4484,7177
2911,6,0,11667,4484,7183
2912,2,0,11669,4484,7185
2913,2,0,11671,4484,7187
2914,5,0,11676,4484,7192
2915,4,0,11680,4484,7196
2916,5,0,11685,4484,7201
2917,3,0,11688,4484,7204
2918,3,0,11691,4484,7207
2919,3,0,11694,4484,7210
2920,6,0,11700,4484,7216
2921,5,0,11705,4484,7221
2922,5,0,11710,4484,7226
2923,4,0,11714,4484,7230
2924,3,0,11717,4484,7233
2925,5,0,11722,4484,7238
2926,1,0,11723,4484,7239
2927,6,0,11729,4484,7245
2928,4,0,11733,4484,7249
2929,6,0,11739,4484,7255
2930,3,0,11742,4484,7258
2931,4,0,11746,4484,7262
2932,2,0,11748,4484,7264
2933,5,0,11753,4484,7269
2934,2,0,11755,4484,7271
2935,5,0,11760,4484,7276
2936,6,0,11766,4484,7282
2937,2,0,11768,4484,7284
2938,3,0,11771,4484,7287
2939,5,0,11776,4484,7292
2940,1,0,11777,4484,7293
2941,5,0,11782,4484,7298
2942,6,0,11788,4484,7304
2943,1,0,11789,4484,7305
2944,7,0,11796,4484,7312
2945,5,0,11801,4484,7317
2946,6,0,11807,4484,7323
2947,2,0,11809,4484,7325
2948,5,0,11814,4484,7330
2949,3,0,11817,4484,7333
2950,5,0,11822,4484,7338
2951,2,0,11824,4484,7340
2952,5,0,11829,4484,7345
2953,4,0,11833,4484,7349
2954,5,0,11838,4484,7354
2955,5,0,11843,4484,7359
2956,2,0,11845,4484,7361
2957,4,0,11849,4484,7365
2958,3,0,11852,4484,7368
2959,4,0,11856,4484,7372
2960,5,0,11861,4484,7377
2961,3,0,11864,4484,7380
2962,5,0,11869,4484,7385
2963,4,0,11873,4484,7389
2964,4,0,11877,4484,7393
2965,2,0,11879,4484,7395
2966,5,0,11884,4484,7400
2967,4,0,11888,4484,7404
2968,2,0,11890,4484,7406
2969,4,0,11894,4484,7410
2970,5,0,11899,4484,7415
2971,6,0,11905,4484,7421
2972,4,0,11909,4484,7425
2973,3,0,11912,4484,7428
2974,5,0,11917,4484,7433
2975,3,0,11920,4484,7436
2976,5,0,11925,4484,7441
2977,2,0,11927,4484,7443
2978,7,0,11934,4484,7450
2979,4,0,11938,4484,7454
2980,2,0,11940,4484,7456
2981,6,0,11946,4484,7462
2982,3,0,11949,4484,7465
2983,2,0,11951,4484,7467
2984,5,0,11956,4484,7472
2985,6,0,11962,4484,7478
2986,2,0,11964,4484,7480
2987,4,0,11968,4484,7484
2988,4,0,11972,4484,7488
2989,3,0,11975,4484,7491
2990,6,0,11981,4484,7497
2991,4,0,11985,4484,7501
2992,4,0,11989,4484,7505
2993,4,0,11993,4484,7509
2994,3,0,11996,4484,7512
2995,3,0,11999,4484,7515
2996,3,0,12002,4484,7518
2997,4,0,12006,4484,7522
2998,7,0,12013,4484,7529
2999,4,0,12017,4484,7533
3000,2,0,12019,4484,7535
3001,4,0,12023,4484,7539
3002,5,0,12028,4484,7544
3003,6,0,12034,4484,7550
3004,5,0,12039,4484,7555
3005,2,0,12041,4484,7557
3006,2,0,12043,4484,7559
3007,5,0,12048,4484,7564
3008,4,0,12052,4484,7568
3009,5,0,12057,4484,7573
3010,4,0,12061,4484,7577
3011,3,0,12064,4484,7580
3012,5,0,12069,4484,7585
3013,5,0,12074,4484,7590
3014,3,0,12077,4484,7593
3015,4,0,12081,4484,7597
3016,4,0,12085,4484,7601
3017,4,0,12089,4484,7605
3018,4,0,12093,4484,7609
3019,4,0,12097,4484,7613
3020,3,0,12100,4484,7616
3021,4,0,12104,4484,7620
3022,5,0,12109,4484,7625
3023,3,0,12112,4484,7628
3024,4,0,12116,4484,7632
3025,4,0,12120,4484,7636
3026,4,0,12124,4484,7640
3027,6,0,12130,4484,7646
3028,2,0,12132,4484,7648
3029,6,0,12138,4484,7654
3030,4,0,12142,4484,7658
3031,2,0,12144,4484,7660
3032,5,0,12149,4484,7665
3033,3,0,12152,4484,7668
3034,4,0,12156,4484,7672
3035,5,0,12161,4484,7677
3036,5,0,12166,4484,7682
3037,3,0,12169,4484,7685
3038,4,0,12173,4484,7689
3039,2,0,12175,4484,7691
3040,4,0,12179,4484,7695
3041,4,0,12183,4484,7699
3042,6,0,12189,4484,7705
3043,3,0,12192,4484,7708
3044,3,0,12195,4484,7711
3045,4,0,12199,4484,7715
3046,6,0,12205,4484,7721
3047,4,0,12209,4484,7725
3048,4,0,12213,4484,7729
3049,4,0,12217,4484,7733
3050,4,0,12221,4484,7737
3051,6,0,12227,4484,7743
3052,1,0,12228,4484,7744
3053,4,0,12232,4484,7748
3054,5,0,12237,4484,7753
3055,5,0,12242,4484,7758
3056,3,0,12245,4484,7761
3057,4,0,12249,4484,7765
3058,2,0,12251,4484,7767
3059,7,0,12258,4484,7774
3060,2,0,12260,4484,7776
3061,6,0,12266,4484,7782
3062,2,0,12268,4484,7784
3063,4,0,12272,4484,7788
3064,4,0,12276,4484,7792
3065,3,0,12279,4484,7795
3066,5,0,12284,4484,7800
3067,3,0,12287,4484,7803
3068,7,0,12294,4484,7810
3069,1,0,12295,4484,7811
3070,6,0,12301,4484,7817
3071,3,0,12304,4484,7820
3072,3,0,12307,4484,7823
3073,5,0,12312,4484,7828
3074,4,0,12316,4484,7832
3075,4,0,12320,4484,7836
3076,4,0,12324,4484,7840
3077,3,0,12327,4484,7843
3078,7,0,12334,4484,7850
3079,5,0,12339,4484,7855
3080,1,0,12340,4484,7856
3081,3,0,12343,4484,7859
3082,6,0,12349,4484,7865
3083,4,0,12353,4484,7869
3084,5,0,12358,4484,7874
3085,1,0,12359,4484,7875
3086,4,0,12363,4484,7879
3087,5,0,12368,4484,7884
3088,7,0,12375,4484,7891
3089,2,0,12377,4484,7893
3090,4,0,12381,4484,7897
3091,2,0,12383,4484,7899
3092,5,0,12388,4484,7904
3093,5,0,12393,4484,7909
3094,2,0,12395,4484,7911
3095,5,0,12400,4484,7916
3096,6,0,12406,4484,7922
3097,4,0,12410,4484,7926
3098,3,0,12413,4484,7929
3099,5,0,12418,4484,7934
3100,2,0,12420,4484,7936
3101,5,0,12425,4484,7941
3102,2,0,12427,4484,7943
3103,5,0,12432,4484,7948
3104,6,0,12438,4484,7954
3105,4,0,12442,4484,7958
3106,4,0,12446,4484,7962
3107,4,0,12450,4484,7966
3108,4,0,12454,4484,7970
3109,3,0,12457,4484,7973
3110,3,0,12460,4484,7976
3111,3,0,12463,4484,7979
3112,6,0,12469,4484,7985
3113,5,0,12474,4484,7990
3114,3,0,12477,4484,7993
3115,4,0,12481,4484,7997
3116,2,0,12483,4484,7999
3117,3,0,12486,4484,8002
3118,5,0,12491,4484,8007
3119,6,0,12497,4484,8013
3121,8,0,12505,4484,8021
3122,3,0,12508,4484,8024
3123,5,0,12513,4484,8029
3125,6,0,12519,4484,8035
3126,5,0,12524,4484,8040
3127,1,0,12525,4484,8041
3128,5,0,12530,4484,8046
3129,8,0,12538,4484,8054
3130,1,0,12539,4484,8055
3131,5,0,12544,4484,8060
3132,4,0,12548,4484,8064
3133,3,0,12551,4484,8067
3134,6,0,12557,4484,8073
3135,4,0,12561,4484,8077
3136,4,0,12565,4484,8081
3137,3,0,12568,4484,8084
3138,6,0,12574,4484,8090
3139,2,0,12576,4484,8092
3140,1,0,12577,4484,8093
3141,8,0,12585,4484,8101
3142,3,0,12588,4484,8104
3143,3,0,12591,4484,8107
3144,5,0,12596,4484,8112
3145,2,0,12598,4484,8114
3146,8,0,12606,4484,8122
3147,2,0,12608,4484,8124
3148,3,0,12611,4484,8127
3149,5,0,12616,4484,8132
3150,3,0,12619,4484,8135
3151,4,0,12623,4484,8139
3152,4,0,12627,4484,8143
3153,7,0,12634,4484,8150
3154,3,0,12637,4484,8153
3155,3,0,12640,4484,8156
3156,2,0,12642,4484,8158
3157,5,0,12647,4484,8163
3158,5,0,12652,4484,8168
3159,3,0,12655,4484,8171
3160,4,0,12659,4484,8175
3161,6,0,12665,4484,8181
3162,1,0,12666,4484,8182
3163,3,0,12669,4484,8185
3164,8,0,12677,4484,8193
3165,2,0,12679,4484,8195
3166,2,0,12681,4484,8197
3167,5,0,12686,4484,8202
3168,4,0,12690,4484,8206
3169,5,0,12695,4484,8211
3170,3,0,12698,4484,8214
3171,5,0,12703,4484,8219
3172,4,0,12707,4484,8223
3173,4,0,12711,4484,8227
3174,4,0,12715,4484,8231
3175,5,0,12720,4484,8236
3176,4,0,12724,4484,8240
3177,3,0,12727,4484,8243
3178,3,0,12730,4484,8246
3179,5,0,12735,4484,8251
3180,5,0,12740,4484,8256
3181,5,0,12745,4484,8261
3182,4,0,12749,4484,8265
3183,3,0,12752,4484,8268
3184,5,0,12757,4484,8273
3185,2,0,12759,4484,8275
3186,3,0,12762,4484,8278
3187,5,0,12767,4484,8283
3188,3,0,12770,4484,8286
3189,5,0,12775,4484,8291
3190,5,0,12780,4484,8296
3191,4,0,12784,4484,8300
3192,4,0,12788,4484,8304
3193,4,0,12792,4484,8308
3194,3,0,12795,4484,8311
3195,3,0,12798,4484,8314
3196,5,0,12803,4484,8319
3197,5,0,12808,4484,8324
3198,4,0,12812,4484,8328
3199,3,0,12815,4484,8331
3200,3,0,12818,4484,8334
3201,5,0,12823,4484,8339
3202,3,0,12826,4484,8342
3203,4,0,12830,4484,8346
3204,4,0,12834,4484,8350
3205,6,0,12840,4484,8356
3206,2,0,12842,4484,8358
3207,4,0,12846,4484,8362
3208,7,0,12853,4484,8369
3209,1,0,12854,4484,8370
3210,5,0,12859,4484,8375
3211,6,0,12865,4484,8381
3212,3,0,12868,4484,8384
3213,1,0,12869,4484,8385
3214,8,0,12877,4484,8393
3215,4,0,12881,4484,8397
3216,3,0,12884,4484,8400
3217,5,0,12889,4484,8405
3218,2,0,12891,4484,8407
3219,5,0,12896,4484,8412
3220,1,0,12897,4484,8413
3221,6,0,12903,4484,8419
3222,3,0,12906,4484,8422
3223,6,0,12912,4484,8428
3224,3,0,12915,4484,8431
3225,2,0,12917,4484,8433
3226,6,0,12923,4484,8439
3227,4,0,12927,4484,8443
3228,2,0,12929,4484,8445
3229,6,0,12935,4484,8451
3230,6,0,12941,4484,8457
3231,3,0,12944,4484,8460
3232,4,0,12948,4484,8464
3233,2,0,12950,4484,8466
3234,3,0,12953,4484,8469
3235,7,0,12960,4484,8476
3236,3,0,12963,4484,8479
3237,3,0,12966,4484,8482
3238,5,0,12971,4484,8487
3239,3,0,12974,4484,8490
3240,5,0,12979,4484,8495
3241,5,0,12984,4484,8500
3242,6,0,12990,4484,8506
3243,3,0,12993,4484,8509
3244,2,0,12995,4484,8511
3245,4,0,12999,4484,8515
3246,5,0,13004,4484,8520
3247,3,0,13007,4484,8523
3248,4,0,13011,4484,8527
3249,3,0,13014,4484,8530
3250,5,0,13019,4484,8535
3251,5,0,13024,4484,8540
3252,3,0,13027,4484,8543
3253,4,0,13031,4484,8547
3254,2,0,13033,4484,8549
3255,4,0,13037,4484,8553
3256,5,0,13042,4484,8558
3257,5,0,13047,4484,8563
3258,2,0,13049,4484,8565
3259,5,0,13054,4484,8570
3260,6,0,13060,4484,8576
3261,5,0,13065,4484,8581
3262,2,0,13067,4484,8583
3263,4,0,13071,4484,8587
3264,3,0,13074,4484,8590
3265,6,0,13080,4484,8596
3266,6,0,13086,4484,8602
3267,2,0,13088,4484,8604
3268,2,0,13090,4484,8606
3269,5,0,13095,4484,8611
3270,5,0,13100,4484,8616
3271,5,0,13105,4484,8621
3272,2,0,13107,4484,8623
3273,6,0,13113,4484,8629
3274,2,0,13115,4484,8631
3275,3,0,13118,4484,8634
3276,2,0,13120,4484,8636
3277,7,0,13127,4484,8643
3278,7,0,13134,4484,8650
3279,1,0,13135,4484,8651
3280,4,0,13139,4484,8655
3281,3,0,13142,4484,8658
3282,1,0,13143,4484,8659
3283,6,0,13149,4484,8665
3284,4,0,13153,4484,8669
3285,6,0,13159,4484,8675
3286,5,0,13164,4484,8680
3287,4,0,13168,4484,8684
3288,5,0,13173,4484,8689
3289,3,0,13176,4484,8692
3290,5,0,13181,4484,8697
3291,2,0,13183,4484,8699
3292,4,0,13187,4484,8703
3293,2,0,13189,4484,8705
3294,5,0,13194,4484,8710
3295,3,0,13197,4484,8713
3296,6,0,13203,4484,8719
3297,2,0,13205,4484,8721
3298,5,0,13210,4484,8726
3299,5,0,13215,4484,8731
3300,5,0,13220,4484,8736
3301,2,0,13222,4484,8738
3302,2,0,13224,4484,8740
3303,7,0,13231,4484,8747
3304,3,0,13234,4484,8750
3305,5,0,13239,4484,8755
3306,3,0,13242,4484,8758
3307,4,0,13246,4484,8762
3308,7,0,13253,4484,8769
3309,2,0,13255,4484,8771
3310,6,0,13261,4484,8777
3311,3,0,13264,4484,8780
3312,2,0,13266,4484,8782
3313,5,0,13271,4484,8787
3314,1,0,13272,4484,8788
3315,6,0,13278,4484,8794
3316,7,0,13285,4484,8801
3317,1,0,13286,4484,8802
3318,4,0,13290,4484,8806
3319,4,0,13294,4484,8810
3320,3,0,13297,4484,8813
3321,5,0,13302,4484,8818
3322,3,0,13305,4484,8821
3323,6,0,13311,4484,8827
3324,4,0,13315,4484,8831
3325,5,0,13320,4484,8836
3326,3,0,13323,4484,8839
3327,1,0,13324,4484,8840
3328,6,0,13330,4484,8846
3329,4,0,13334,4484,8850
3330,4,0,13338,4484,8854
3331,5,0,13343,4484,8859
3332,3,0,13346,4484,8862
3333,4,0,13350,4484,8866
3334,3,0,13353,4484,8869
3335,5,0,13358,4484,8874
3336,6,0,13364,4484,8880
3337,2,0,13366,4484,8882
3338,5,0,13371,4484,8887
3339,4,0,13375,4484,8891
3340,3,0,13378,4484,8894
3341,3,0,13381,4484,8897
3342,5,0,13386,4484,8902
3343,4,0,13390,4484,8906
3344,4,0,13394,4484,8910
3345,5,0,13399,4484,8915
3346,2,0,13401,4484,8917
3347,5,0,13406,4484,8922
3348,5,0,13411,4484,8927
3349,3,0,13414,4484,8930
3350,3,0,13417,4484,8933
3351,6,0,13423,4484,8939
3352,5,0,13428,4484,8944
3353,3,0,13431,4484,8947
3354,3,0,13434,4484,8950
3355,6,0,13440,4484,8956
3356,2,0,13442,4484,8958
3357,3,0,13445,4484,8961
3358,4,0,13449,4484,8965
3359,7,0,13456,4484,8972
3360,1,0,13457,4484,8973
3361,5,0,13462,4484,8978
3362,4,0,13466,4484,8982
3363,4,0,13470,4484,8986
3364,3,0,13473,4484,8989
3365,5,0,13478,4484,8994
3366,4,0,13482,4484,8998
3367,5,0,13487,4484,9003
3368,2,0,13489,4484,9005
3369,3,0,13492,4484,9008
3370,6,0,13498,4484,9014
3371,5,0,13503,4484,9019
3372,4,0,13507,4484,9023
3373,5,0,13512,4484,9028
3374,3,0,13515,4484,9031
3375,3,0,13518,4484,9034
3376,3,0,13521,4484,9037
3377,4,0,13525,4484,9041
3378,4,0,13529,4484,9045
3379,4,0,13533,4484,9049
3380,5,0,13538,4484,9054
3381,6,0,13544,4484,9060
3382,5,0,13549,4484,9065
3383,3,0,13552,4484,9068
3384,5,0,13557,4484,9073
3385,2,0,13559,4484,9075
3386,3,0,13562,4484,9078
3387,4,0,13566,4484,9082
3388,6,0,13572,4484,9088
3389,1,0,13573,4484,9089
3390,3,0,13576,4484,9092
3391,3,0,13579,4484,9095
3392,2,0,13581,4484,9097
3393,6,0,13587,4484,9103
3394,3,0,13590,4484,9106
3395,9,0,13599,4484,9115
3396,3,0,13602,4484,9118
3397,4,0,13606,4484,9122
3398,3,0,13609,4484,9125
3399,6,0,13615,4484,9131
3400,4,0,13619,4484,9135
3401,1,0,13620,4484,9136
3402,4,0,13624,4484,9140
3403,6,0,13630,4484,9146
3404,3,0,13633,4484,9149
3405,4,0,13637,4484,9153
3406,3,0,13640,4484,9156
3407,5,0,13645,4484,9161
3408,5,0,13650,4484,9166
3409,4,0,13654,4484,9170
3410,3,0,13657,4484,9173
3411,5,0,13662,4484,9178
3412,4,0,13666,4484,9182
3413,3,0,13669,4484,9185
3414,2,0,13671,4484,9187
3415,5,0,13676,4484,9192
3416,3,0,13679,4484,9195
3417,8,0,13687,4484,9203
3418,1,0,13688,4484,9204
3419,5,0,13693,4484,9209
3420,2,0,13695,4484,9211
3421,6,0,13701,4484,9217
3422,4,0,13705,4484,9221
3423,4,0,13709,4484,9225
3424,2,0,13711,4484,9227
3425,3,0,13714,4484,9230
3426,6,0,13720,4484,9236
3427,5,0,13725,4484,9241
3428,4,0,13729,4484,9245
3429,4,0,13733,4484,9249
3430,5,0,13738,4484,9254
3431,4,0,13742,4484,9258
3432,3,0,13745,4484,9261
3433,6,0,13751,4484,9267
3434,3,0,13754,4484,9270
3435,4,0,13758,4484,9274
3436,3,0,13761,4484,9277
3437,3,0,13764,4484,9280
3438,4,0,13768,4484,9284
3439,4,0,13772,4484,9288
3440,6,0,13778,4484,9294
3441,2,0,13780,4484,9296
3442,3,0,13783,4484,9299
3443,5,0,13788,4484,9304
3444,4,0,13792,4484,9308
3445,6,0,13798,4484,9314
3446,1,0,13799,4484,9315
3447,3,0,13802,4484,9318
3448,7,0,13809,4484,9325
3449,6,0,13815,4484,9331
3450,3,0,13818,4484,9334
3451,2,0,13820,4484,9336
3452,4,0,13824,4484,9340
3453,1,0,13825,4484,9341
3454,8,0,13833,4484,9349
3455,4,0,13837,4484,9353
3456,4,0,13841,4484,9357
3457,2,0,13843,4484,9359
3458,6,0,13849,4484,9365
3459,4,0,13853,4484,9369
3460,4,0,13857,4484,9373
3461,2,0,13859,4484,9375
3462,5,0,13864,4484,9380
3463,5,0,13869,4484,9385
3464,2,0,13871,4484,9387
3465,5,0,13876,4484,9392
3466,5,0,13881,4484,9397
3467,2,0,13883,4484,9399
3468,6,0,13889,4484,9405
3469,4,0,13893,4484,9409
3470,2,0,13895,4484,9411
3471,5,0,13900,4484,9416
3472,3,0,13903,4484,9419
3473,6,0,13909,4484,9425
3474,3,0,13912,4484,9428
3475,5,0,13917,4484,9433
3476,3,0,13920,4484,9436
3477,5,0,13925,4484,9441
3478,3,0,13928,4484,9444
3479,7,0,13935,4484,9451
3480,1,0,13936,4484,9452
3481,4,0,13940,4484,9456
3482,3,0,13943,4484,9459
3483,5,0,13948,4484,9464
3484,4,0,13952,4484,9468
3485,1,0,13953,4484,9469
3486,7,0,13960,4484,9476
3487,3,0,13963,4484,9479
3488,5,0,13968,4484,9484
3489,6,0,13974,4484,9490
3490,2,0,13976,4484,9492
3491,3,0,13979,4484,9495
3492,4,0,13983,4484,9499
3493,4,0,13987,4484,9503
3494,5,0,13992,4484,9508
3495,2,0,13994,4484,9510
3496,5,0,13999,4484,9515
3497,3,0,14002,4484,9518
3498,4,0,14006,4484,9522
3499,5,0,14011,4484,9527
3500,6,0,14017,4484,9533
3501,4,0,14021,4484,9537
3502,3,0,14024,4484,9540
3503,4,0,14028,4484,9544
3504,7,0,14035,4484,9551
3505,1,0,14036,4484,9552
3506,2,0,14038,4484,9554
3507,5,0,14043,4484,9559
3508,4,0,14047,4484,9563
3509,3,0,14050,4484,9566
3510,6,0,14056,4484,9572
3511,4,0,14060,4484,9576
3512,5,0,14065,4484,9581
3513,2,0,14067,4484,9583
3514,3,0,14070,4484,9586
3515,6,0,14076,4484,9592
3516,4,0,14080,4484,9596
3517,2,0,14082,4484,9598
3518,2,0,14084,4484,9600
3519,5,0,14089,4484,9605
3520,7,0,14096,4484,9612
3521,4,0,14100,4484,9616
3522,3,0,14103,4484,9619
3523,3,0,14106,4484,9622
3524,4,0,14110,4484,9626
3525,5,0,14115,4484,9631
3526,4,0,14119,4484,9635
3527,3,0,14122,4484,9638
3528,3,0,14125,4484,9641
3529,9,0,14134,4484,9650
3530,3,0,14137,4484,9653
3531,4,0,14141,4484,9657
3532,5,0,14146,4484,9662
3533,3,0,14149,4484,9665
3534,3,0,14152,4484,9668
3535,3,0,14155,4484,9671
3536,2,0,14157,4484,9673
3537,6,0,14163,4484,9679
3538,2,0,14165,4484,9681
3539,6,0,14171,4484,9687
3540,1,0,14172,4484,9688
3541,6,0,14178,4484,9694
3542,3,0,14181,4484,9697
3543,4,0,14185,4484,9701
3544,5,0,14190,4484,9706
3545,3,0,14193,4484,9709
3546,4,0,14197,4484,9713
3547,8,0,14205,4484,9721
3548,3,0,14208,4484,9724
3549,2,0,14210,4484,9726
3550,5,0,14215,4484,9731
3551,4,0,14219,4484,9735
3552,3,0,14222,4484,9738
3553,5,0,14227,4484,9743
3554,6,0,14233,4484,9749
3555,1,0,14234,4484,9750
3556,5,0,14239,4484,9755
3557,5,0,14244,4484,9760
3558,2,0,14246,4484,9762
3559,3,0,14249,4484,9765
3560,4,0,14253,4484,9769
3561,6,0,14259,4484,9775
3562,5,0,14264,4484,9780
3563,4,0,14268,4484,9784
3564,3,0,14271,4484,9787
3565,4,0,14275,4484,9791
3566,4,0,14279,4484,9795
3567,6,0,14285,4484,9801
3568,2,0,14287,4484,9803
3569,5,0,14292,4484,9808
3570,3,0,14295,4484,9811
3571,4,0,14299,4484,9815
3572,2,0,14301,4484,9817
3573,5,0,14306,4484,9822
3574,5,0,14311,4484,9827
3575,4,0,14315,4484,9831
3576,5,0,14320,4484,9836
3577,3,0,14323,4484,9839
3578,2,0,14325,4484,9841
3579,4,0,14329,4484,9845
3580,3,0,14332,4484,9848
3581,7,0,14339,4484,9855
3582,2,0,14341,4484,9857
3583,5,0,14346,4484,9862
3584,2,0,14348,4484,9864
3585,7,0,14355,4484,9871
3586,3,0,14358,4484,9874
3587,3,0,14361,4484,9877
3588,5,0,14366,4484,9882
3589,4,0,14370,4484,9886
3590,5,0,14375,4484,9891
3591,3,0,14378,4484,9894
3592,2,0,14380,4484,9896
3593,5,0,14385,4484,9901
3594,3,0,14388,4484,9904
3595,6,0,14394,4484,9910
3596,5,0,14399,4484,9915
3597,3,0,14402,4484,9918
3598,5,0,14407,4484,9923
3599,3,0,14410,4484,9926
3600,3,0,14413,4484,9929
3601,4,0,14417,4484,9933
3602,4,0,14421,4484,9937
3603,5,0,14426,4484,9942
3604,4,0,14430,4484,9946
3605,3,0,14433,4484,9949
3606,3,0,14436,4484,9952
3607,4,0,14440,4484,9956
3608,3,0,14443,4484,9959
3609,7,0,14450,4484,9966
3610,3,0,14453,4484,9969
3611,3,0,14456,4484,9972
3612,6,0,14462,4484,9978
3613,2,0,14464,4484,9980
3614,5,0,14469,4484,9985
3615,2,0,14471,4484,9987
3616,5,0,14476,4484,9992
3617,4,0,14480,4484,9996
3618,6,0,14486,4484,10002
3619,4,0,14490,4484,10006
3620,4,0,14494,4484,10010
3621,2,0,14496,4484,10012
3622,4,0,14500,4484,10016
3623,5,0,14505,4484,10021
3624,4,0,14509,4484,10025
3625,3,0,14512,4484,10028
3626,5,0,14517,4484,10033
3627,4,0,14521,4484,10037
3628,4,0,14525,4484,10041
3629,4,0,14529,4484,10045
3630,3,0,14532,4484,10048
3631,5,0,14537,4484,10053
3632,2,0,14539,4484,10055
3633,6,0,14545,4484,10061
3634,4,0,14549,4484,10065
3635,3,0,14552,4484,10068
3636,3,0,14555,4484,10071
3637,6,0,14561,4484,10077
3638,3,0,14564,4484,10080
3639,5,0,14569,4484,10085
3640,4,0,14573,4484,10089
3641,5,0,14578,4484,10094
3642,3,0,14581,4484,10097
3643,2,0,14583,4484,10099
3644,4,0,14587,4484,10103
3645,7,0,14594,4484,10110
3646,3,0,14597,4484,10113
3647,1,0,14598,4484,10114
3648,5,0,14603,4484,10119
3649,4,0,14607,4484,10123
3650,4,0,14611,4484,10127
3651,6,0,14617,4484,10133
3652,2,0,14619,4484,10135
3653,5,0,14624,4484,10140
3654,3,0,14627,4484,10143
3655,5,0,14632,4484,10148
3656,5,0,14637,4484,10153
3657,5,0,14642,4484,10158
3658,3,0,14645,4484,10161
3659,3,0,14648,4484,10164
3660,6,0,14654,4484,10170
3661,3,0,14657,4484,10173
3662,4,0,14661,4484,10177
3663,2,0,14663,4484,10179
3664,5,0,14668,4484,10184
3665,5,0,14673,4484,10189
3666,3,0,14676,4484,10192
3667,3,0,14679,4484,10195
3668,7,0,14686,4484,10202
3669,1,0,14687,4484,10203
3670,7,0,14694,4484,10210
3671,4,0,14698,4484,10214
3672,2,0,14700,4484,10216
3673,5,0,14705,4484,10221
3674,2,0,14707,4484,10223
3675,3,0,14710,4484,10226
3676,6,0,14716,4484,10232
3677,4,0,14720,4484,10236
3678,4,0,14724,4484,10240
3679,6,0,14730,4484,10246
3680,3,0,14733,4484,10249
3681,4,0,14737,4484,10253
3682,5,0,14742,4484,10258
3683,1,0,14743,4484,10259
3684,3,0,14746,4484,10262
3685,6,0,14752,4484,10268
3686,3,0,14755,4484,10271
3687,3,0,14758,4484,10274
3688,4,0,14762,4484,10278
3689,1,0,14763,4484,10279
3690,2,0,14765,4484,10281
3691,3,0,14768,4484,10284
3692,1,0,14769,4484,10285
3694,3,0,14772,4484,10288
3695,3,0,14775,4484,10291
3696,1,0,14776,4484,10292
3697,4,0,14780,4484,10296
3699,3,0,14783,4484,10299
3700,3,0,14786,4484,10302
3701,2,0,14788,4484,10304
3702,1,0,14789,4484,10305
3703,3,0,14792,4484,10308
3704,3,0,14795,4484,10311
3705,3,0,14798,4484,10314
3706,3,0,14801,4484,10317
3707,3,0,14804,4484,10320
3708,4,0,14808,4484,10324
3709,2,0,14810,4484,10326
3710,3,0,14813,4484,10329
3711,2,0,14815,4484,10331
3712,4,0,14819,4484,10335
3713,2,0,14821,4484,10337
3714,3,0,14824,4484,10340
3715,3,0,14827,4484,10343
3716,1,0,14828,4484,10344
unknown,5,1,,,
